,,Ext Raw,Ext Env,Flex Raw,Flex Env,,,,,,,,,,
,,2.5,0.06,5.44,3.2,,2.5,0.06,5.44,3.2,,2.54,0.27,5.48,3.44
,,2.5,0.06,5.49,3.19,,2.5,0.06,5.49,3.19,,2.63,0.3,5.49,3.44
,,2.54,0.06,5.46,3.19,,2.54,0.06,5.46,3.19,,1.73,0.35,5.41,3.46
,,2.47,0.06,5.48,3.2,,2.47,0.06,5.48,3.2,,3.11,0.37,5.48,3.49
,,2.43,0.06,5.51,3.21,,2.43,0.06,5.51,3.21,,2.53,0.42,5.42,3.52
,,2.51,0.07,5.44,3.2,,2.51,0.07,5.44,3.2,,2.72,0.39,5.45,3.56
,,2.48,0.07,5.5,3.2,,2.48,0.07,5.5,3.2,,2.44,0.35,5.44,3.59
,,2.54,0.06,5.46,3.2,,2.54,0.06,5.46,3.2,,2.55,0.3,5.47,3.63
,,2.46,0.06,5.46,3.2,,2.46,0.06,5.46,3.2,,2.54,0.27,5.54,3.65
,,2.42,0.06,5.46,3.21,,2.42,0.06,5.46,3.21,,2.17,0.28,5.46,3.66
,,2.49,0.06,5.46,3.2,,2.49,0.06,5.46,3.2,,2.37,0.3,5.55,3.68
,,2.52,0.07,5.49,3.21,,2.52,0.07,5.49,3.21,,2.56,0.26,5.41,3.67
,,2.54,0.07,5.45,3.2,,2.54,0.07,5.45,3.2,,2.45,0.24,5.37,3.69
,,2.47,0.06,5.45,3.2,,2.47,0.06,5.45,3.2,,2.61,0.25,5.5,3.72
,,2.54,0.07,5.47,3.2,,2.54,0.07,5.47,3.2,,2.64,0.24,5.44,3.74
,,2.43,0.06,5.44,3.2,,2.43,0.06,5.44,3.2,,2.74,0.22,5.53,3.74
,,2.48,0.06,5.4,3.2,,2.48,0.06,5.4,3.2,,2.59,0.24,5.44,3.73
,,2.45,0.06,5.49,3.21,,2.45,0.06,5.49,3.21,,2.84,0.24,5.45,3.74
,,2.48,0.06,5.46,3.21,,2.48,0.06,5.46,3.21,,2.11,0.29,5.45,3.73
,,2.58,0.06,5.51,3.21,,2.58,0.06,5.51,3.21,,2.53,0.3,5.46,3.75
,,2.5,0.07,5.53,3.24,,2.5,0.07,5.53,3.24,,2.54,0.26,5.51,3.76
,,2.51,0.06,5.49,3.24,,2.51,0.06,5.49,3.24,,2.5,0.25,5.4,3.77
,,2.49,0.06,5.47,3.23,,2.49,0.06,5.47,3.23,,2.22,0.24,5.35,3.79
,,2.46,0.07,5.48,3.23,,2.46,0.07,5.48,3.23,,2.29,0.24,5.46,3.79
,,2.63,0.06,5.46,3.23,,2.63,0.06,5.46,3.23,,2.39,0.24,5.45,3.78
,,2.51,0.07,5.45,3.23,,2.51,0.07,5.45,3.23,,2.49,0.23,5.51,3.78
,,2.49,0.06,5.5,3.22,,2.49,0.06,5.5,3.22,,2.46,0.25,5.38,3.76
,,2.47,0.06,5.46,3.21,,2.47,0.06,5.46,3.21,,2.9,0.27,5.52,3.77
,,2.48,0.06,5.41,3.22,,2.48,0.06,5.41,3.22,,2.58,0.41,5.49,3.77
,,2.53,0.07,5.49,3.23,,2.53,0.07,5.49,3.23,,2.42,0.39,5.41,3.79
,,2.57,0.07,5.47,3.22,,2.57,0.07,5.47,3.22,,2.47,0.35,5.49,3.81
,,2.45,0.07,5.4,3.22,,2.45,0.07,5.4,3.22,,2.57,0.3,5.42,3.78
,,2.62,0.07,5.51,3.26,,2.62,0.07,5.51,3.26,,2.46,0.27,5.46,3.79
,,2.54,0.07,5.44,3.24,,2.54,0.07,5.44,3.24,,2.54,0.24,5.48,3.79
,,2.38,0.07,5.45,3.23,,2.38,0.07,5.45,3.23,,2.16,0.3,5.47,3.78
,,2.68,0.06,5.48,3.22,,2.68,0.06,5.48,3.22,,2.23,0.31,5.5,3.78
,,2.5,0.07,5.44,3.22,,2.5,0.07,5.44,3.22,,2.48,0.34,5.39,3.79
,,2.44,0.07,5.46,3.23,,2.44,0.07,5.46,3.23,,2.41,0.3,5.5,3.79
,,2.52,0.06,5.5,3.22,,2.52,0.06,5.5,3.22,,2.44,0.28,5.56,3.79
,,2.47,0.06,5.46,3.22,,2.47,0.06,5.46,3.22,,2.58,0.25,5.47,3.76
,,2.5,0.07,5.48,3.22,,2.5,0.07,5.48,3.22,,2.47,0.22,5.48,3.76
,,2.44,0.07,5.49,3.21,,2.44,0.07,5.49,3.21,,2.52,0.2,5.45,3.74
,,2.49,0.07,5.46,3.21,,2.49,0.07,5.46,3.21,,1.92,0.24,5.47,3.74
,,2.48,0.07,5.43,3.21,,2.48,0.07,5.43,3.21,,2.61,0.32,5.51,3.75
,,2.51,0.07,5.44,3.2,,2.51,0.07,5.44,3.2,,2.5,0.28,5.46,3.73
,,2.55,0.07,5.46,3.21,,2.55,0.07,5.46,3.21,,2.34,0.25,5.51,3.71
,,2.43,0.06,5.48,3.2,,2.43,0.06,5.48,3.2,,2.54,0.26,5.39,3.68
,,2.49,0.06,5.49,3.22,,2.49,0.06,5.49,3.22,,2.35,0.24,5.45,3.69
,,2.53,0.06,5.42,3.21,,2.53,0.06,5.42,3.21,,2.44,0.24,5.47,3.68
,,2.52,0.06,5.42,3.2,,2.52,0.06,5.42,3.2,,2.69,0.26,5.43,3.69
,,2.72,0.05,5.49,3.2,,2.72,0.05,5.49,3.2,,2.6,0.26,5.5,3.72
,,2.49,0.06,5.42,3.2,,2.49,0.06,5.42,3.2,,2.47,0.25,5.44,3.71
,,2.56,0.06,5.47,3.19,,2.56,0.06,5.47,3.19,,2.43,0.24,5.48,3.7
,,2.44,0.06,5.47,3.2,,2.44,0.06,5.47,3.2,,2.46,0.22,5.48,3.7
,,2.5,0.07,5.47,3.18,,2.5,0.07,5.47,3.18,,2.68,0.23,5.5,3.7
,,2.44,0.07,5.46,3.18,,2.44,0.07,5.46,3.18,,2.61,0.31,5.46,3.69
,,2.5,0.07,5.45,3.18,,2.5,0.07,5.45,3.18,,2.29,0.33,5.47,3.7
,,2.67,0.06,5.52,3.19,,2.67,0.06,5.52,3.19,,2.46,0.33,5.48,3.72
,,2.4,0.07,5.45,3.18,,2.4,0.07,5.45,3.18,,2.46,0.31,5.44,3.7
,,2.67,0.07,5.49,3.19,,2.67,0.07,5.49,3.19,,2.56,0.28,5.45,3.69
,,2.53,0.06,5.47,3.18,,2.53,0.06,5.47,3.18,,2.74,0.25,5.48,3.69
,,2.37,0.07,5.46,3.18,,2.37,0.07,5.46,3.18,,2.4,0.33,5.46,3.67
,,2.48,0.07,5.47,3.18,,2.48,0.07,5.47,3.18,,2.46,0.32,5.43,3.67
,,2.51,0.07,5.46,3.18,,2.51,0.07,5.46,3.18,,2.53,0.31,5.45,3.69
,,2.48,0.06,5.47,3.18,,2.48,0.06,5.47,3.18,,2.51,0.28,5.48,3.68
,,2.5,0.07,5.47,3.18,,2.5,0.07,5.47,3.18,,2.46,0.24,5.46,3.66
,,2.5,0.06,5.45,3.18,,2.5,0.06,5.45,3.18,,2.71,0.25,5.49,3.65
,,2.54,0.06,5.47,3.17,,2.54,0.06,5.47,3.17,,2.51,0.3,5.49,3.63
,,2.47,0.06,5.44,3.18,,2.47,0.06,5.44,3.18,,2.24,0.38,5.52,3.64
,,2.53,0.06,5.52,3.18,,2.53,0.06,5.52,3.18,,2.57,0.37,5.46,3.63
,,2.65,0.06,5.48,3.17,,2.65,0.06,5.48,3.17,,2.39,0.34,5.51,3.63
,,2.58,0.06,5.47,3.17,,2.58,0.06,5.47,3.17,,2.45,0.31,5.49,3.61
,,2.48,0.06,5.46,3.18,,2.48,0.06,5.46,3.18,,2.72,0.3,5.44,3.59
,,2.48,0.06,5.48,3.18,,2.48,0.06,5.48,3.18,,2.42,0.37,5.47,3.56
,,2.52,0.06,5.44,3.17,,2.52,0.06,5.44,3.17,,2.33,0.35,5.46,3.55
,,2.75,0.07,5.48,3.17,,2.75,0.07,5.48,3.17,,2.52,0.35,5.48,3.55
,,2.52,0.06,5.47,3.17,,2.52,0.06,5.47,3.17,,2.48,0.3,5.46,3.54
,,2.49,0.05,5.47,3.17,,2.49,0.05,5.47,3.17,,2.58,0.31,5.46,3.52
,,2.48,0.05,5.46,3.18,,2.48,0.05,5.46,3.18,,3.08,0.31,5.5,3.51
,,2.48,0.06,5.43,3.17,,2.48,0.06,5.43,3.17,,2.08,0.4,5.46,3.49
,,2.59,0.06,5.47,3.18,,2.59,0.06,5.47,3.18,,2.62,0.44,5.45,3.47
,,2.53,0.06,5.47,3.18,,2.53,0.06,5.47,3.18,,2.88,0.42,5.48,3.47
,,2.49,0.06,5.48,3.17,,2.49,0.06,5.48,3.17,,2.67,0.48,5.48,3.46
,,2.51,0.06,5.44,3.17,,2.51,0.06,5.44,3.17,,2.59,0.43,5.48,3.44
,,2.51,0.07,5.47,3.17,,2.51,0.07,5.47,3.17,,2.61,0.49,5.45,3.41
,,2.56,0.06,5.45,3.16,,2.56,0.06,5.45,3.16,,2.81,0.54,5.46,3.41
,,2.59,0.07,5.42,3.17,,2.59,0.07,5.42,3.17,,2.52,0.52,5.46,3.38
,,2.58,0.07,5.5,3.18,,2.58,0.07,5.5,3.18,,2.49,0.48,5.46,3.38
,,2.54,0.06,5.44,3.18,,2.54,0.06,5.44,3.18,,2.48,0.43,5.46,3.37
,,2.48,0.07,5.45,3.18,,2.48,0.07,5.45,3.18,,2.57,0.39,5.46,3.35
,,2.7,0.07,5.49,3.18,,2.7,0.07,5.49,3.18,,2.35,0.35,5.48,3.32
,,2.49,0.06,5.46,3.17,,2.49,0.06,5.46,3.17,,2.63,0.33,5.5,3.31
,,2.44,0.06,5.43,3.17,,2.44,0.06,5.43,3.17,,2.54,0.28,5.47,3.29
,,2.46,0.06,5.41,3.17,,2.46,0.06,5.41,3.17,,2.54,0.25,5.51,3.28
,,2.5,0.06,5.47,3.17,,2.5,0.06,5.47,3.17,,2.59,0.31,5.53,3.27
,,2.44,0.07,5.45,3.17,,2.44,0.07,5.45,3.17,,2.57,0.34,5.47,3.24
,,2.63,0.07,5.49,3.17,,2.63,0.07,5.49,3.17,,2.37,0.37,5.47,3.24
,,2.49,0.06,5.45,3.18,,2.49,0.06,5.45,3.18,,2.39,0.42,5.48,3.23
,,2.67,0.06,5.49,3.19,,2.67,0.06,5.49,3.19,,2.57,0.39,5.46,3.22
,,2.45,0.06,5.51,3.19,,2.45,0.06,5.51,3.19,,2.52,0.34,5.44,3.21
,,2.52,0.06,5.44,3.19,,2.52,0.06,5.44,3.19,,2.78,0.32,5.44,3.21
,,2.48,0.06,5.47,3.19,,2.48,0.06,5.47,3.19,,1.75,0.64,5.35,3.23
,,2.64,0.06,5.48,3.19,,2.64,0.06,5.48,3.19,,2.46,0.73,5.49,3.26
,,2.58,0.06,5.46,3.19,,2.58,0.06,5.46,3.19,,2.54,0.78,5.52,3.26
,,2.54,0.06,5.43,3.19,,2.54,0.06,5.43,3.19,,2.65,0.8,5.6,3.3
,,2.49,0.06,5.46,3.19,,2.49,0.06,5.46,3.19,,2.85,0.84,4.94,3.48
,,2.5,0.06,5.49,3.19,,2.5,0.06,5.49,3.19,,1.54,0.88,5.48,3.55
,,2.55,0.06,5.45,3.18,,2.55,0.06,5.45,3.18,,2.64,0.9,5.74,3.65
,,2.61,0.07,5.45,3.19,,2.61,0.07,5.45,3.19,,3.2,1.07,5.78,3.82
,,2.45,0.06,5.45,3.18,,2.45,0.06,5.45,3.18,,3.02,1.26,5.75,3.86
,,2.46,0.06,5.45,3.18,,2.46,0.06,5.45,3.18,,1.83,1.12,5.39,3.79
,,2.66,0.06,5.46,3.19,,2.66,0.06,5.46,3.19,,2.35,1.2,5.33,3.94
,,2.49,0.06,5.48,3.2,,2.49,0.06,5.48,3.2,,3.31,1.26,5.66,3.93
,,2.49,0.07,5.42,3.21,,2.49,0.07,5.42,3.21,,1.21,1.35,5.05,4.08
,,2.53,0.06,5.46,3.23,,2.53,0.06,5.46,3.23,,2.9,1.56,6.04,4.39
,,2.53,0.06,5.48,3.23,,2.53,0.06,5.48,3.23,,3.22,1.73,5.51,4.55
,,2.42,0.07,5.45,3.23,,2.42,0.07,5.45,3.23,,4.15,1.71,6.14,4.46
,,2.52,0.07,5.46,3.22,,2.52,0.07,5.46,3.22,,3.81,1.93,5.02,4.46
,,2.52,0.06,5.46,3.22,,2.52,0.06,5.46,3.22,,2.28,1.83,5.57,4.32
,,2.47,0.06,4.77,3.34,,2.47,0.06,4.77,3.34,,2.38,1.63,5.06,4.23
,,2.46,0.07,5.48,3.4,,2.46,0.07,5.48,3.4,,1.55,1.58,5.39,4.13
,,2.47,0.05,5.45,3.39,,2.47,0.05,5.45,3.39,,2.73,1.47,5.13,4.06
,,2.48,0.06,5.47,3.38,,2.48,0.06,5.47,3.38,,2.29,1.58,5.45,4
,,2.51,0.06,5.47,3.37,,2.51,0.06,5.47,3.37,,3.1,1.79,5.7,3.93
,,2.49,0.07,5.48,3.37,,2.49,0.07,5.48,3.37,,2.24,1.63,5.71,3.93
,,2.54,0.06,5.47,3.34,,2.54,0.06,5.47,3.34,,2.67,1.41,5.49,3.86
,,2.45,0.06,5.41,3.33,,2.45,0.06,5.41,3.33,,3.85,1.44,5.88,3.93
,,2.48,0.06,5.46,3.32,,2.48,0.06,5.46,3.32,,4.14,1.59,5.89,3.93
,,2.44,0.07,5.45,3.32,,2.44,0.07,5.45,3.32,,1.31,1.74,4.91,3.91
,,2.52,0.06,5.51,3.31,,2.52,0.06,5.51,3.31,,2.78,1.84,4.59,3.94
,,2.59,0.06,5.51,3.31,,2.59,0.06,5.51,3.31,,2.29,1.78,5.26,4.19
,,2.5,0.05,5.46,3.29,,2.5,0.05,5.46,3.29,,1.61,1.66,5.14,4.23
,,2.47,0.06,5.46,3.28,,2.47,0.06,5.46,3.28,,2.04,1.59,5.51,4.15
,,2.53,0.06,5.47,3.28,,2.53,0.06,5.47,3.28,,1.47,1.73,5.79,4.07
,,2.47,0.06,5.48,3.26,,2.47,0.06,5.48,3.26,,2.88,1.77,5.61,4.09
,,2.55,0.06,5.47,3.26,,2.55,0.06,5.47,3.26,,0,2.17,5.4,4.01
,,2.48,0.06,5.48,3.25,,2.48,0.06,5.48,3.25,,2.83,2.28,5.72,3.97
,,2.52,0.05,5.45,3.24,,2.52,0.05,5.45,3.24,,3.78,2.3,5.57,3.91
,,2.56,0.05,5.41,3.24,,2.56,0.05,5.41,3.24,,3.87,2.27,6.79,4.08
,,2.69,0.05,5.52,3.25,,2.69,0.05,5.52,3.25,,3.77,2.28,5.72,4.2
,,2.52,0.06,5.41,3.24,,2.52,0.06,5.41,3.24,,1.56,2.65,4.14,4.24
,,2.47,0.06,5.47,3.23,,2.47,0.06,5.47,3.23,,2.39,2.78,5.29,4.22
,,2.5,0.06,5.49,3.22,,2.5,0.06,5.49,3.22,,0.68,2.78,6.13,4.22
,,2.68,0.06,5.48,3.22,,2.68,0.06,5.48,3.22,,3.12,2.69,5.66,4.21
,,2.49,0.06,5.44,3.21,,2.49,0.06,5.44,3.21,,3.18,2.64,5.78,4.29
,,2.48,0.07,5.47,3.22,,2.48,0.07,5.47,3.22,,3.44,2.8,5.48,4.2
,,2.56,0.06,5.46,3.22,,2.56,0.06,5.46,3.22,,2.74,2.57,3.62,4.31
,,2.52,0.06,5.5,3.22,,2.52,0.06,5.5,3.22,,2.5,2.48,6.03,4.39
,,2.51,0.05,5.46,3.21,,2.51,0.05,5.46,3.21,,1.77,2.53,5.77,4.46
,,2.65,0.06,5.56,3.21,,2.65,0.06,5.56,3.21,,0.01,2.54,5.48,4.36
,,2.45,0.06,5.42,3.24,,2.45,0.06,5.42,3.24,,3.5,2.56,5.67,4.27
,,2.51,0.06,5.5,3.25,,2.51,0.06,5.5,3.25,,3.34,2.42,4.86,4.21
,,2.48,0.06,5.45,3.26,,2.48,0.06,5.45,3.26,,3.14,2.49,6.15,4.24
,,2.49,0.06,5.42,3.25,,2.49,0.06,5.42,3.25,,2.32,2.51,6.14,4.31
,,2.46,0.06,5.43,3.25,,2.46,0.06,5.43,3.25,,2.85,2.5,6.24,4.42
,,2.34,0.09,5.27,3.34,,2.34,0.09,5.27,3.34,,2.87,2.31,5.8,4.34
,,2.56,0.09,5.52,3.35,,2.56,0.09,5.52,3.35,,4.48,2.48,5.44,4.24
,,1.41,0.58,5.65,3.35,,1.41,0.58,5.65,3.35,,2.58,2.59,5.64,4.2
,,2.58,0.75,5.54,3.38,,2.58,0.75,5.54,3.38,,3.83,2.42,4.64,4.39
,,2.41,0.85,5.76,3.42,,2.41,0.85,5.76,3.42,,2.72,2.27,5.5,4.37
,,0.08,1.23,5.4,3.43,,0.08,1.23,5.4,3.43,,2.97,2.32,5.67,4.3
,,2.53,1.48,5.57,3.62,,2.53,1.48,5.57,3.62,,2.53,2.28,5.34,4.3
,,2.23,1.44,5.8,3.7,,2.23,1.44,5.8,3.7,,2.94,2.21,4.38,4.4
,,2.33,1.41,4.94,3.75,,2.33,1.41,4.94,3.75,,2.81,2.27,5.59,4.51
,,2.54,1.63,5.84,3.78,,2.54,1.63,5.84,3.78,,1.84,2.17,5.3,4.58
,,1.99,1.65,5.43,3.79,,1.99,1.65,5.43,3.79,,2.65,2.15,5.56,4.62
,,3.58,1.81,5.58,3.74,,3.58,1.81,5.58,3.74,,2.66,2.17,5.72,4.48
,,2,1.87,5.5,3.66,,2,1.87,5.5,3.66,,3.59,2.25,5.62,4.36
,,4.76,1.9,5.5,3.62,,4.76,1.9,5.5,3.62,,3.42,2.24,4.58,4.32
,,2.76,2.43,5.87,3.61,,2.76,2.43,5.87,3.61,,1.76,2.49,5.93,4.49
,,3.49,2.96,5.23,3.77,,3.49,2.96,5.23,3.77,,3.57,2.74,6.44,4.61
,,4.57,2.74,5.54,3.74,,4.57,2.74,5.54,3.74,,1.86,2.55,5.57,4.57
,,3.62,3.2,5.36,3.69,,3.62,3.2,5.36,3.69,,2.13,2.58,4.84,4.54
,,0,3.37,5.19,3.74,,0,3.37,5.19,3.74,,1.91,2.53,5.34,4.41
,,3.38,3.42,5.39,3.69,,3.38,3.42,5.39,3.69,,3.45,2.71,5.42,4.32
,,2.19,3.44,5.98,3.76,,2.19,3.44,5.98,3.76,,1.84,2.47,3.86,4.38
,,0.39,3.66,5.34,3.78,,0.39,3.66,5.34,3.78,,0.06,2.56,6.02,4.31
,,4.98,3.82,6.11,3.91,,4.98,3.82,6.11,3.91,,3.82,2.62,4.71,4.29
,,4.27,3.82,4.2,4.3,,4.27,3.82,4.2,4.3,,2.5,2.64,5.39,4.26
,,2.73,3.65,5.34,4.23,,2.73,3.65,5.34,4.23,,1.13,2.76,5.21,4.23
,,3.64,3.59,5.56,4.34,,3.64,3.59,5.56,4.34,,2.7,2.55,6.84,4.21
,,4.14,3.61,4.45,4.46,,4.14,3.61,4.45,4.46,,4.98,2.74,5.37,4.32
,,0,3.76,4.98,4.56,,0,3.76,4.98,4.56,,3.69,3.32,5.5,4.25
,,4.97,4.16,3.23,4.92,,4.97,4.16,3.23,4.92,,1.04,3.43,4.14,4.3
,,0.61,4.06,6.5,4.96,,0.61,4.06,6.5,4.96,,2.83,3.42,5.97,4.25
,,2.7,4.13,5.64,4.96,,2.7,4.13,5.64,4.96,,3.33,3,5.16,4.28
,,1.57,3.77,6.03,4.85,,1.57,3.77,6.03,4.85,,2.14,2.73,5.27,4.37
,,2.2,3.54,5.51,4.89,,2.2,3.54,5.51,4.89,,0,2.96,5.47,4.36
,,2.46,3.5,5.73,4.72,,2.46,3.5,5.73,4.72,,1.38,2.93,5.79,4.35
,,1.61,3.31,4.74,4.61,,1.61,3.31,4.74,4.61,,1.14,2.81,5.5,4.18
,,2.27,3.26,6.08,4.56,,2.27,3.26,6.08,4.56,,2.16,2.92,5.53,4.12
,,4.02,3.31,5.56,4.61,,4.02,3.31,5.56,4.61,,2.28,3.04,5.24,4.05
,,3.9,3.26,3.59,4.61,,3.9,3.26,3.59,4.61,,0,2.98,4.69,4.15
,,1.01,3.29,5.77,4.66,,1.01,3.29,5.77,4.66,,1.99,2.72,4.97,4.27
,,3.83,3.26,5.7,4.56,,3.83,3.26,5.7,4.56,,2.28,2.45,6.55,4.35
,,2.71,3.31,5.62,4.56,,2.71,3.31,5.62,4.56,,1.28,2.38,5.39,4.35
,,3.01,3.4,5.47,4.46,,3.01,3.4,5.47,4.46,,4.85,2.54,5.86,4.3
,,2.24,3.24,5.55,4.41,,2.24,3.24,5.55,4.41,,1.74,2.55,5.75,4.29
,,1.97,3.11,5.6,4.41,,1.97,3.11,5.6,4.41,,2.81,2.75,5.39,4.24
,,1.44,3.19,5.9,4.34,,1.44,3.19,5.9,4.34,,2.98,2.38,5.89,4.23
,,1.11,3.43,4.67,4.3,,1.11,3.43,4.67,4.3,,0.88,2.44,5.46,4.2
,,3.98,3.42,4.45,4.29,,3.98,3.42,4.45,4.29,,2.97,2.31,6.25,4.26
,,3.62,3.59,5.4,4.31,,3.62,3.59,5.4,4.31,,3.57,2.52,5.98,4.31
,,1.86,3.35,5.33,4.23,,1.86,3.35,5.33,4.23,,4.38,2.81,6.06,4.38
,,2.26,3.3,6.78,4.21,,2.26,3.3,6.78,4.21,,1.58,2.68,5.57,4.4
,,0,3.22,6.05,4.37,,0,3.22,6.05,4.37,,2.04,2.86,5.51,4.28
,,2.8,3.38,5.42,4.56,,2.8,3.38,5.42,4.56,,2.89,2.63,5.11,4.16
,,3.25,3.23,5.6,4.51,,3.25,3.23,5.6,4.51,,3.78,2.47,6.48,4.17
,,3.71,3.16,5.28,4.36,,3.71,3.16,5.28,4.36,,2.72,2.48,5.5,4.23
,,2.58,2.95,5.58,4.3,,2.58,2.95,5.58,4.3,,3.81,2.19,5.61,4.12
,,3.48,2.77,5.64,4.23,,3.48,2.77,5.64,4.23,,1.59,3.14,4.93,4.17
,,3.51,3.01,5.71,4.17,,3.51,3.01,5.71,4.17,,2.72,2.99,5.55,4.1
,,1.93,2.82,5.9,4.18,,1.93,2.82,5.9,4.18,,0,3.27,5.13,4.11
,,3.23,2.92,3.95,4.34,,3.23,2.92,3.95,4.34,,2.66,3.38,5.38,4.17
,,2.76,3.07,5.68,4.46,,2.76,3.07,5.68,4.46,,2.53,2.88,5.55,4.15
,,4.56,2.82,5.49,4.37,,4.56,2.82,5.49,4.37,,2.65,2.54,5.4,4.21
,,3.76,3.23,5.44,4.25,,3.76,3.23,5.44,4.25,,1.87,2.37,5.39,4.31
,,3.18,2.93,5.23,4.16,,3.18,2.93,5.23,4.16,,2.69,2.23,5.53,4.18
,,3.99,2.76,4.44,4.17,,3.99,2.76,4.44,4.17,,2.8,1.95,4.37,4.12
,,2.95,2.82,5.66,4.23,,2.95,2.82,5.66,4.23,,2.52,1.79,5.46,4.04
,,1.74,2.49,5.49,4.19,,1.74,2.49,5.49,4.19,,2.82,1.54,5.5,3.91
,,1.16,2.39,5.1,4.11,,1.16,2.39,5.1,4.11,,2.47,1.38,5.52,3.81
,,1.96,2.22,5.39,4.17,,1.96,2.22,5.39,4.17,,2.61,1.27,5.49,3.76
,,3.5,2.04,5.62,4.27,,3.5,2.04,5.62,4.27,,2.61,1.09,5.45,3.69
,,3.38,2.08,5.62,4.19,,3.38,2.08,5.62,4.19,,2.24,1,5.42,3.64
,,1.93,1.89,5.01,4.1,,1.93,1.89,5.01,4.1,,2.74,0.92,5.52,3.59
,,3.38,1.68,5.2,4.1,,3.38,1.68,5.2,4.1,,2.62,0.86,5.48,3.55
,,3.1,1.68,4.27,4.18,,3.1,1.68,4.27,4.18,,2.57,0.75,5.55,3.5
,,2.45,1.7,5.64,4.17,,2.45,1.7,5.64,4.17,,2.23,0.67,5.4,3.5
,,2.19,1.69,5.57,4.12,,2.19,1.69,5.57,4.12,,2.59,0.69,5.52,3.5
,,3.19,1.65,5.04,4.07,,3.19,1.65,5.04,4.07,,2.54,0.62,5.47,3.52
,,0.88,1.84,5.59,4,,0.88,1.84,5.59,4,,2.65,0.54,5.5,3.52
,,2.24,1.74,5.24,3.96,,2.24,1.74,5.24,3.96,,2.47,0.52,5.46,3.51
,,0.01,1.78,5.37,4.01,,0.01,1.78,5.37,4.01,,2.66,0.52,5.49,3.5
,,1.55,1.74,5.16,4.15,,1.55,1.74,5.16,4.15,,2.66,0.46,5.46,3.47
,,3.24,1.63,5.53,4.06,,3.24,1.63,5.53,4.06,,2.36,0.44,5.48,3.47
,,1.71,1.65,5.64,4,,1.71,1.65,5.64,4,,2.56,0.48,5.39,3.42
,,1.2,1.6,4.96,3.96,,1.2,1.6,4.96,3.96,,2.56,0.45,5.52,3.41
,,2.79,1.48,5.43,3.87,,2.79,1.48,5.43,3.87,,2.52,0.4,5.54,3.38
,,3.95,1.98,5.33,3.86,,3.95,1.98,5.33,3.86,,2.23,0.36,5.44,3.36
,,2.9,1.77,5.44,3.84,,2.9,1.77,5.44,3.84,,2.47,0.35,5.48,3.33
,,3.37,1.63,5.31,3.84,,3.37,1.63,5.31,3.84,,2.54,0.33,5.47,3.31
,,1.13,1.59,5.46,3.85,,1.13,1.59,5.46,3.85,,2.63,0.3,5.51,3.29
,,3.36,1.59,5.41,3.81,,3.36,1.59,5.41,3.81,,2.52,0.29,5.44,3.3
,,2.73,1.47,5.6,3.83,,2.73,1.47,5.6,3.83,,2.96,0.28,5.54,3.3
,,0.43,1.88,5.1,3.84,,0.43,1.88,5.1,3.84,,2.57,0.43,5.47,3.32
,,2.33,1.85,5.62,3.99,,2.33,1.85,5.62,3.99,,2.46,0.45,5.48,3.33
,,0.2,2.01,5.46,3.9,,0.2,2.01,5.46,3.9,,2.61,0.43,5.48,3.35
,,2.3,2.19,5.78,3.88,,2.3,2.19,5.78,3.88,,2.58,0.41,5.45,3.36
,,3.48,2.08,5.93,4.08,,3.48,2.08,5.93,4.08,,2.69,0.36,5.47,3.36
,,3.16,1.96,5.39,4.08,,3.16,1.96,5.39,4.08,,2.36,0.43,5.55,3.38
,,2.76,1.91,5.52,4.05,,2.76,1.91,5.52,4.05,,2.46,0.4,5.39,3.42
,,1.38,1.84,5.6,3.98,,1.38,1.84,5.6,3.98,,2.59,0.37,5.44,3.42
,,3.62,1.72,5.55,3.89,,3.62,1.72,5.55,3.89,,2.8,0.37,5.47,3.43
,,2.4,1.65,5.67,3.91,,2.4,1.65,5.67,3.91,,2.68,0.37,5.49,3.43
,,2.12,1.53,5.39,3.98,,2.12,1.53,5.39,3.98,,3.26,0.41,5.58,3.44
,,3.26,1.48,5.19,3.95,,3.26,1.48,5.19,3.95,,2.82,0.6,5.39,3.48
,,2.5,1.46,5.36,4.01,,2.5,1.46,5.36,4.01,,1.16,0.69,5.49,3.48
,,2.51,1.43,5.74,4.04,,2.51,1.43,5.74,4.04,,2.79,0.81,5.54,3.48
,,1.82,1.42,5.81,4.02,,1.82,1.42,5.81,4.02,,2.69,0.71,5.57,3.48
,,3.07,1.33,5.48,4.11,,3.07,1.33,5.48,4.11,,2.81,0.64,5.45,3.53
,,0.01,1.56,5.61,4.03,,0.01,1.56,5.61,4.03,,2.88,0.66,5.55,3.55
,,2.87,1.62,5.96,4.07,,2.87,1.62,5.96,4.07,,1.88,0.91,5.17,3.6
,,2.21,1.65,5.06,4.09,,2.21,1.65,5.06,4.09,,2.59,1.03,5.55,3.56
,,3.26,1.64,5.89,4.18,,3.26,1.64,5.89,4.18,,2.57,0.92,5.53,3.56
,,0.66,1.74,5.92,4.27,,0.66,1.74,5.92,4.27,,2.37,0.87,5.61,3.57
,,3.35,1.7,5.8,4.28,,3.35,1.7,5.8,4.28,,3.2,0.77,5.81,3.56
,,1.51,1.7,5.54,4.2,,1.51,1.7,5.54,4.2,,1.51,0.97,5.38,3.55
,,3.06,1.56,5.57,4.1,,3.06,1.56,5.57,4.1,,3.62,0.94,5.54,3.55
,,3.05,1.44,5.45,3.99,,3.05,1.44,5.45,3.99,,3.03,1.02,5.58,3.52
,,3.65,1.48,5.66,3.91,,3.65,1.48,5.66,3.91,,3.23,1.21,5.32,3.5
,,0,1.67,5.22,3.85,,0,1.67,5.22,3.85,,2.25,1.25,5.47,3.51
,,2.13,1.71,5.39,3.82,,2.13,1.71,5.39,3.82,,2.3,1.17,5.43,3.5
,,2.3,1.73,5.53,3.82,,2.3,1.73,5.53,3.82,,2.85,1.14,5.48,3.46
,,2.84,1.78,5.19,3.84,,2.84,1.78,5.19,3.84,,3.26,1.09,5.68,3.51
,,2.85,1.85,5.83,3.8,,2.85,1.85,5.83,3.8,,2.62,1.07,5.34,3.54
,,1.28,1.77,5.12,3.75,,1.28,1.77,5.12,3.75,,2.3,0.97,5.51,3.59
,,1.43,1.92,5.28,3.74,,1.43,1.92,5.28,3.74,,2.31,0.87,5.6,3.64
,,2.98,1.76,5.37,3.72,,2.98,1.76,5.37,3.72,,2.3,0.79,5.55,3.67
,,3,1.87,5.51,3.65,,3,1.87,5.51,3.65,,2.72,0.77,5.38,3.73
,,2.56,1.94,5.62,3.72,,2.56,1.94,5.62,3.72,,1.78,0.73,5.3,3.8
,,2.14,1.89,5.01,3.75,,2.14,1.89,5.01,3.75,,1.13,0.85,5.44,3.85
,,2.88,1.88,6.05,3.78,,2.88,1.88,6.05,3.78,,1.76,1.03,5.42,3.94
,,2.07,2.01,5.32,3.92,,2.07,2.01,5.32,3.92,,1.85,1.02,5.41,4
,,2.75,1.78,5.52,3.86,,2.75,1.78,5.52,3.86,,2.39,1.15,5.52,4.05
,,0.04,1.9,5.51,3.87,,0.04,1.9,5.51,3.87,,2.73,1.25,5.15,4.12
,,0.72,1.81,6.18,3.83,,0.72,1.81,6.18,3.83,,2.72,1.26,5.87,4.19
,,2.52,1.71,5.72,3.99,,2.52,1.71,5.72,3.99,,1.54,1.3,4.98,4.24
,,3.48,1.51,5.58,3.89,,3.48,1.51,5.58,3.89,,2.41,1.41,5.32,4.34
,,2.93,1.74,4.39,4.01,,2.93,1.74,4.39,4.01,,1.86,1.45,5.46,4.39
,,2.67,1.58,5.54,4.07,,2.67,1.58,5.54,4.07,,2.32,1.46,5.67,4.49
,,2.43,1.41,5.57,4,,2.43,1.41,5.57,4,,2.63,1.61,5.52,4.56
,,3.2,1.65,5.29,3.9,,3.2,1.65,5.29,3.9,,2.12,1.56,5.55,4.56
,,2.53,1.45,5.48,3.82,,2.53,1.45,5.48,3.82,,2.51,1.71,5.8,4.68
,,2.17,1.34,4.55,3.93,,2.17,1.34,4.55,3.93,,3.5,1.79,5.46,4.73
,,2.29,1.24,5.48,3.97,,2.29,1.24,5.48,3.97,,1.3,2,5.46,4.76
,,2.27,1.09,5.54,3.94,,2.27,1.09,5.54,3.94,,2.9,2.28,5.77,4.86
,,2.96,0.96,5.56,3.84,,2.96,0.96,5.56,3.84,,2.76,2.39,5.49,4.91
,,2.71,0.88,5.51,3.75,,2.71,0.88,5.51,3.75,,2.46,2.43,5.25,4.93
,,2.7,0.81,5.43,3.66,,2.7,0.81,5.43,3.66,,3,2.37,5.33,4.84
,,2.3,0.76,5.43,3.58,,2.3,0.76,5.43,3.58,,2.77,2.36,5.52,4.96
,,2.53,0.68,5.44,3.53,,2.53,0.68,5.44,3.53,,1.99,2.38,5.44,4.99
,,2.36,0.69,5.51,3.48,,2.36,0.69,5.51,3.48,,0.63,2.36,5.46,5.02
,,2.53,0.65,5.43,3.47,,2.53,0.65,5.43,3.47,,2.8,2.64,5.4,5.06
,,2.91,0.63,5.5,3.43,,2.91,0.63,5.5,3.43,,2.8,2.61,5.29,5.02
,,2.63,0.63,5.44,3.4,,2.63,0.63,5.44,3.4,,2.51,2.51,5.38,5.04
,,2.56,0.6,5.46,3.38,,2.56,0.6,5.46,3.38,,2.31,2.48,5.61,4.99
,,2.52,0.55,5.52,3.39,,2.52,0.55,5.52,3.39,,2.57,2.38,5.33,4.94
,,2.49,0.55,5.36,3.41,,2.49,0.55,5.36,3.41,,2.41,2.28,5.42,4.92
,,2.56,0.55,5.51,3.37,,2.56,0.55,5.51,3.37,,3.51,2.18,5.52,4.91
,,2.52,0.57,5.44,3.36,,2.52,0.57,5.44,3.36,,2.63,2.2,5.6,4.91
,,2.54,0.58,5.43,3.37,,2.54,0.58,5.43,3.37,,1.99,2.27,5.48,4.84
,,2.51,0.59,5.49,3.36,,2.51,0.59,5.49,3.36,,3.54,2.17,5.47,4.82
,,2.49,0.6,5.45,3.35,,2.49,0.6,5.45,3.35,,2.13,2.15,5.55,4.78
,,2.47,0.6,5.39,3.36,,2.47,0.6,5.39,3.36,,2.39,2,5.63,4.78
,,2.36,0.63,5.45,3.32,,2.36,0.63,5.45,3.32,,2.28,1.96,5.41,4.76
,,2.59,0.63,5.4,3.34,,2.59,0.63,5.4,3.34,,2.61,1.95,5.18,4.74
,,2.57,0.62,5.5,3.32,,2.57,0.62,5.5,3.32,,2.62,1.97,5.33,4.7
,,2.5,0.63,5.37,3.35,,2.5,0.63,5.37,3.35,,2.47,1.86,5.4,4.69
,,2.45,0.7,5.56,3.35,,2.45,0.7,5.56,3.35,,2.06,1.82,5.62,4.64
,,2.73,0.65,5.41,3.36,,2.73,0.65,5.41,3.36,,2.4,1.85,5.79,4.63
,,2.42,0.67,5.49,3.36,,2.42,0.67,5.49,3.36,,2.41,1.78,5.44,4.65
,,2.54,0.68,5.52,3.36,,2.54,0.68,5.52,3.36,,2.52,1.73,5.53,4.68
,,2.43,0.72,5.37,3.39,,2.43,0.72,5.37,3.39,,3.15,1.66,5.55,4.69
,,2.52,0.73,5.47,3.37,,2.52,0.73,5.47,3.37,,1.95,1.62,5.27,4.64
,,2.53,0.72,5.47,3.39,,2.53,0.72,5.47,3.39,,2.64,1.77,5.39,4.65
,,2.46,0.75,5.42,3.38,,2.46,0.75,5.42,3.38,,2.47,1.75,5.21,4.61
,,2.44,0.76,5.4,3.35,,2.44,0.76,5.4,3.35,,2.07,1.74,5.54,4.57
,,2.54,0.79,5.47,3.36,,2.54,0.79,5.47,3.36,,2.71,1.73,5.5,4.56
,,2.5,0.81,5.49,3.35,,2.5,0.81,5.49,3.35,,2.43,1.67,5.55,4.52
,,2.54,0.81,5.43,3.34,,2.54,0.81,5.43,3.34,,2.5,1.63,5.27,4.44
,,2.47,0.84,5.47,3.33,,2.47,0.84,5.47,3.33,,2.42,1.66,5.57,4.47
,,2.41,0.85,5.45,3.32,,2.41,0.85,5.45,3.32,,2.62,1.57,5.49,4.45
,,2.5,0.86,5.46,3.3,,2.5,0.86,5.46,3.3,,2.28,1.54,5.56,4.42
,,2.34,0.87,5.38,3.3,,2.34,0.87,5.38,3.3,,2.81,1.65,5.6,4.38
,,2.49,0.88,5.53,3.29,,2.49,0.88,5.53,3.29,,1.58,1.61,5.42,4.34
,,2.46,0.89,5.45,3.29,,2.46,0.89,5.45,3.29,,2.96,1.71,5.8,4.34
,,2.46,0.9,5.39,3.29,,2.46,0.9,5.39,3.29,,2.59,1.68,5.26,4.26
,,2.48,0.9,5.48,3.28,,2.48,0.9,5.48,3.28,,2.61,1.65,5.36,4.26
,,2.41,0.88,5.45,3.26,,2.41,0.88,5.45,3.26,,1.94,1.59,5.27,4.21
,,2.52,0.88,5.5,3.25,,2.52,0.88,5.5,3.25,,2.51,1.59,5.44,4.22
,,2.5,0.9,5.47,3.25,,2.5,0.9,5.47,3.25,,2.49,1.53,5.53,4.17
,,2.46,0.91,5.51,3.24,,2.46,0.91,5.51,3.24,,2.86,1.57,5.58,4.16
,,2.5,0.92,5.44,3.23,,2.5,0.92,5.44,3.23,,2.56,1.58,5.5,4.13
,,2.45,0.92,5.46,3.24,,2.45,0.92,5.46,3.24,,2.32,1.52,5.53,4.12
,,2.47,0.91,5.48,3.22,,2.47,0.91,5.48,3.22,,2.4,1.52,5.17,4.07
,,2.53,0.9,5.47,3.22,,2.53,0.9,5.47,3.22,,2.82,1.58,5.26,4.06
,,2.46,0.89,5.47,3.22,,2.46,0.89,5.47,3.22,,2.49,1.46,5.12,3.95
,,2.48,0.88,5.44,3.21,,2.48,0.88,5.44,3.21,,2.66,1.6,5.55,4.01
,,2.44,0.88,5.45,3.21,,2.44,0.88,5.45,3.21,,2.45,1.59,5.32,3.91
,,2.51,0.84,5.43,3.22,,2.51,0.84,5.43,3.22,,1.99,1.52,5.41,3.91
,,2.56,0.84,5.45,3.21,,2.56,0.84,5.45,3.21,,2.53,1.53,5.51,3.88
,,2.46,0.83,5.44,3.21,,2.46,0.83,5.44,3.21,,2.97,1.42,5.57,3.86
,,2.46,0.82,5.42,3.22,,2.46,0.82,5.42,3.22,,2.46,1.4,5.48,3.85
,,2.48,0.81,5.43,3.22,,2.48,0.81,5.43,3.22,,2.66,1.41,5.61,3.82
,,2.47,0.8,5.45,3.22,,2.47,0.8,5.45,3.22,,2.08,1.34,5.2,3.74
,,2.49,0.78,5.45,3.21,,2.49,0.78,5.45,3.21,,1.02,1.38,5.44,3.74
,,2.53,0.74,5.47,3.21,,2.53,0.74,5.47,3.21,,3.29,1.52,5.47,3.69
,,2.46,0.73,5.45,3.2,,2.46,0.73,5.45,3.2,,2.64,1.47,5.48,3.69
,,2.49,0.71,5.47,3.2,,2.49,0.71,5.47,3.2,,2.8,1.44,5.56,3.65
,,2.49,0.69,5.45,3.19,,2.49,0.69,5.45,3.19,,3.02,1.42,5.53,3.61
,,2.52,0.68,5.45,3.19,,2.52,0.68,5.45,3.19,,2.35,1.36,5.36,3.66
,,2.54,0.66,5.44,3.19,,2.54,0.66,5.44,3.19,,2.81,1.35,5.45,3.65
,,2.37,0.65,5.41,3.2,,2.37,0.65,5.41,3.2,,2.5,1.3,5.26,3.63
,,2.48,0.64,5.49,3.19,,2.48,0.64,5.49,3.19,,2.15,1.32,5.14,3.62
,,2.54,0.6,5.49,3.19,,2.54,0.6,5.49,3.19,,2.44,1.5,5.51,3.63
,,2.5,0.61,5.45,3.2,,2.5,0.61,5.45,3.2,,2.81,1.51,5.47,3.62
,,2.61,0.58,5.46,3.2,,2.61,0.58,5.46,3.2,,2.57,1.5,5.51,3.59
,,2.56,0.58,5.45,3.2,,2.56,0.58,5.45,3.2,,2.58,1.51,5.51,3.57
,,2.46,0.59,5.44,3.21,,2.46,0.59,5.44,3.21,,3.16,1.4,5.31,3.56
,,2.41,0.56,5.43,3.2,,2.41,0.56,5.43,3.2,,2.64,1.48,5.45,3.55
,,2.52,0.55,5.47,3.22,,2.52,0.55,5.47,3.22,,2.6,1.53,5.45,3.54
,,2.49,0.54,5.45,3.2,,2.49,0.54,5.45,3.2,,1.97,1.46,5.52,3.53
,,2.41,0.52,5.45,3.19,,2.41,0.52,5.45,3.19,,2.48,1.47,5.4,3.49
,,2.53,0.5,5.43,3.21,,2.53,0.5,5.43,3.21,,2.44,1.46,5.44,3.48
,,2.5,0.49,5.45,3.2,,2.5,0.49,5.45,3.2,,1.7,1.38,5.53,3.46
,,2.59,0.46,5.48,3.2,,2.59,0.46,5.48,3.2,,2.41,1.44,5.46,3.46
,,2.51,0.46,5.46,3.22,,2.51,0.46,5.46,3.22,,2.63,1.44,5.48,3.46
,,2.45,0.44,5.48,3.21,,2.45,0.44,5.48,3.21,,2.07,1.29,5.55,3.45
,,2.41,0.43,5.47,3.19,,2.41,0.43,5.47,3.19,,2.53,1.4,5.48,3.46
,,2.53,0.41,5.5,3.2,,2.53,0.41,5.5,3.2,,2.51,1.34,5.48,3.48
,,2.48,0.41,5.46,3.2,,2.48,0.41,5.46,3.2,,2.45,1.25,5.45,3.46
,,2.5,0.39,5.45,3.2,,2.5,0.39,5.45,3.2,,2.61,1.38,5.43,3.5
,,2.37,0.38,5.44,3.19,,2.37,0.38,5.44,3.19,,2.61,1.34,5.51,3.51
,,2.52,0.37,5.41,3.21,,2.52,0.37,5.41,3.21,,2.59,1.29,5.42,3.5
,,2.5,0.36,5.43,3.19,,2.5,0.36,5.43,3.19,,2.56,1.23,5.55,3.51
,,2.55,0.32,5.47,3.2,,2.55,0.32,5.47,3.2,,2.57,1.16,5.5,3.53
,,2.38,0.34,5.47,3.21,,2.38,0.34,5.47,3.21,,2.6,1.09,5.49,3.56
,,2.56,0.31,5.45,3.19,,2.56,0.31,5.45,3.19,,2.51,1.01,5.49,3.59
,,2.49,0.31,5.45,3.19,,2.49,0.31,5.45,3.19,,2.64,0.93,5.48,3.58
,,2.57,0.29,5.47,3.18,,2.57,0.29,5.47,3.18,,2.23,0.86,5.43,3.59
,,2.47,0.3,5.46,3.18,,2.47,0.3,5.46,3.18,,2.55,0.82,5.52,3.58
,,2.51,0.3,5.43,3.19,,2.51,0.3,5.43,3.19,,2.54,0.71,5.48,3.57
,,2.54,0.26,5.48,3.19,,2.54,0.26,5.48,3.19,,2.65,0.65,5.43,3.56
,,2.53,0.26,5.45,3.18,,2.53,0.26,5.45,3.18,,2.5,0.59,5.48,3.57
,,2.47,0.26,5.46,3.17,,2.47,0.26,5.46,3.17,,2.53,0.52,5.48,3.58
,,2.6,0.25,5.49,3.18,,2.6,0.25,5.49,3.18,,2.47,0.47,5.51,3.6
,,2.49,0.25,5.48,3.18,,2.49,0.25,5.48,3.18,,2.58,0.43,5.53,3.57
,,2.47,0.23,5.43,3.18,,2.47,0.23,5.43,3.18,,2.53,0.4,5.45,3.55
,,2.5,0.22,5.48,3.18,,2.5,0.22,5.48,3.18,,2.52,0.34,5.51,3.53
,,2.44,0.22,5.42,3.17,,2.44,0.22,5.42,3.17,,2.26,0.35,5.48,3.49
,,2.57,0.21,5.53,3.18,,2.57,0.21,5.53,3.18,,2.56,0.34,5.56,3.46
,,2.49,0.21,5.46,3.18,,2.49,0.21,5.46,3.18,,2.54,0.29,5.53,3.42
,,2.52,0.2,5.46,3.17,,2.52,0.2,5.46,3.17,,2.53,0.26,5.48,3.39
,,2.53,0.2,5.42,3.16,,2.53,0.2,5.42,3.16,,2.61,0.26,5.47,3.35
,,2.59,0.19,5.46,3.18,,2.59,0.19,5.46,3.18,,2.54,0.25,5.52,3.33
,,2.51,0.18,5.46,3.17,,2.51,0.18,5.46,3.17,,2.54,0.24,5.45,3.31
,,2.4,0.17,5.49,3.17,,2.4,0.17,5.49,3.17,,2.52,0.25,5.5,3.3
,,2.43,0.16,5.43,3.17,,2.43,0.16,5.43,3.17,,2.48,0.28,5.47,3.32
,,2.44,0.16,5.45,3.18,,2.44,0.16,5.45,3.18,,2.47,0.29,5.51,3.32
,,2.52,0.15,5.45,3.18,,2.52,0.15,5.45,3.18,,2.51,0.32,5.51,3.34
,,2.55,0.14,5.48,3.19,,2.55,0.14,5.48,3.19,,2.46,0.35,5.45,3.38
,,2.53,0.14,5.45,3.18,,2.53,0.14,5.45,3.18,,2.47,0.34,5.45,3.41
,,2.55,0.14,5.52,3.18,,2.55,0.14,5.52,3.18,,2.34,0.39,5.45,3.41
,,2.47,0.14,5.43,3.18,,2.47,0.14,5.43,3.18,,2.57,0.39,5.53,3.43
,,2.48,0.13,5.46,3.18,,2.48,0.13,5.46,3.18,,2.32,0.43,5.48,3.43
,,2.53,0.13,5.46,3.18,,2.53,0.13,5.46,3.18,,2.54,0.42,5.47,3.43
,,2.5,0.12,5.42,3.17,,2.5,0.12,5.42,3.17,,2.47,0.41,5.46,3.44
,,2.5,0.12,5.48,3.19,,2.5,0.12,5.48,3.19,,2.25,0.46,5.45,3.46
,,2.52,0.11,5.48,3.19,,2.52,0.11,5.48,3.19,,2.57,0.46,5.45,3.48
,,2.55,0.11,5.47,3.17,,2.55,0.11,5.47,3.17,,2.57,0.47,5.49,3.51
,,2.55,0.1,5.47,3.17,,2.55,0.1,5.47,3.17,,2.51,0.51,5.52,3.52
,,2.44,0.11,5.45,3.17,,2.44,0.11,5.45,3.17,,2.51,0.53,5.48,3.54
,,2.49,0.1,5.44,3.18,,2.49,0.1,5.44,3.18,,2.48,0.56,5.49,3.56
,,2.51,0.09,5.44,3.19,,2.51,0.09,5.44,3.19,,2.57,0.57,5.51,3.6
,,2.52,0.09,5.45,3.18,,2.52,0.09,5.45,3.18,,2.42,0.59,5.46,3.63
,,2.5,0.09,5.44,3.17,,2.5,0.09,5.44,3.17,,2.82,0.59,5.45,3.67
,,2.58,0.09,5.46,3.17,,2.58,0.09,5.46,3.17,,2.58,0.61,5.51,3.7
,,2.5,0.1,5.44,3.16,,2.5,0.1,5.44,3.16,,2.48,0.63,5.47,3.72
,,2.49,0.09,5.46,3.16,,2.49,0.09,5.46,3.16,,2.32,0.65,5.47,3.75
,,2.61,0.09,5.51,3.17,,2.61,0.09,5.51,3.17,,2.54,0.62,5.49,3.78
,,2.57,0.09,5.47,3.17,,2.57,0.09,5.47,3.17,,2.5,0.63,5.48,3.8
,,2.47,0.09,5.47,3.16,,2.47,0.09,5.47,3.16,,2.4,0.62,5.42,3.83
,,2.51,0.1,5.45,3.16,,2.51,0.1,5.45,3.16,,2.54,0.65,5.5,3.85
,,2.53,0.08,5.47,3.17,,2.53,0.08,5.47,3.17,,2.4,0.67,5.49,3.86
,,2.44,0.09,5.43,3.16,,2.44,0.09,5.43,3.16,,2.45,0.66,5.44,3.87
,,2.52,0.1,5.47,3.17,,2.52,0.1,5.47,3.17,,2.52,0.68,5.51,3.87
,,2.46,0.1,5.47,3.17,,2.46,0.1,5.47,3.17,,2.56,0.71,5.48,3.88
,,2.51,0.09,5.43,3.17,,2.51,0.09,5.43,3.17,,2.44,0.73,5.46,3.9
,,2.53,0.08,5.47,3.17,,2.53,0.08,5.47,3.17,,2.43,0.74,5.53,3.89
,,2.58,0.09,5.46,3.17,,2.58,0.09,5.46,3.17,,2.44,0.76,5.43,3.88
,,2.49,0.09,5.47,3.17,,2.49,0.09,5.47,3.17,,2.52,0.75,5.48,3.87
,,2.45,0.1,5.45,3.17,,2.45,0.1,5.45,3.17,,2.57,0.8,5.47,3.88
,,2.52,0.08,5.47,3.19,,2.52,0.08,5.47,3.19,,2.48,0.74,5.45,3.87
,,2.52,0.08,5.46,3.19,,2.52,0.08,5.46,3.19,,2.43,0.72,5.52,3.84
,,2.51,0.08,5.45,3.19,,2.51,0.08,5.45,3.19,,2.49,0.73,5.46,3.85
,,2.46,0.09,5.44,3.18,,2.46,0.09,5.44,3.18,,2.4,0.74,5.42,3.87
,,2.58,0.09,5.46,3.17,,2.58,0.09,5.46,3.17,,2.65,0.72,5.51,3.83
,,2.45,0.09,5.45,3.18,,2.45,0.09,5.45,3.18,,2.47,0.74,5.49,3.79
,,2.56,0.09,5.46,3.18,,2.56,0.09,5.46,3.18,,2.56,0.72,5.47,3.78
,,2.57,0.08,5.48,3.18,,2.57,0.08,5.48,3.18,,2.62,0.72,5.44,3.77
,,2.61,0.09,5.47,3.17,,2.61,0.09,5.47,3.17,,2.51,0.75,5.49,3.76
,,2.5,0.09,5.45,3.16,,2.5,0.09,5.45,3.16,,2.49,0.73,5.48,3.74
,,2.46,0.08,5.44,3.17,,2.46,0.08,5.44,3.17,,2.48,0.72,5.51,3.75
,,2.53,0.08,5.48,3.17,,2.53,0.08,5.48,3.17,,2.52,0.73,5.41,3.74
,,2.49,0.07,5.48,3.18,,2.49,0.07,5.48,3.18,,2.57,0.71,5.47,3.7
,,2.44,0.08,5.46,3.17,,2.44,0.08,5.46,3.17,,2.5,0.72,5.47,3.7
,,2.47,0.07,5.5,3.16,,2.47,0.07,5.5,3.16,,2.48,0.73,5.45,3.7
,,2.39,0.08,5.45,3.18,,2.39,0.08,5.45,3.18,,2.4,0.7,5.48,3.7
,,2.49,0.08,5.43,3.17,,2.49,0.08,5.43,3.17,,2.48,0.7,5.48,3.69
,,2.53,0.09,5.47,3.18,,2.53,0.09,5.47,3.18,,2.28,0.7,5.49,3.69
,,2.51,0.07,5.46,3.19,,2.51,0.07,5.46,3.19,,2.49,0.65,5.46,3.68
,,2.43,0.08,5.45,3.19,,2.43,0.08,5.45,3.19,,2.52,0.67,5.5,3.68
,,2.46,0.09,5.44,3.19,,2.46,0.09,5.44,3.19,,2.39,0.67,5.48,3.69
,,2.46,0.07,5.44,3.19,,2.46,0.07,5.44,3.19,,2.51,0.66,5.4,3.68
,,2.49,0.08,5.46,3.2,,2.49,0.08,5.46,3.2,,2.54,0.65,5.49,3.66
,,2.47,0.07,5.46,3.21,,2.47,0.07,5.46,3.21,,2.5,0.65,5.45,3.67
,,2.26,0.12,5.44,3.2,,2.26,0.12,5.44,3.2,,2.48,0.65,5.42,3.66
,,2.52,0.11,5.4,3.19,,2.52,0.11,5.4,3.19,,2.43,0.61,5.49,3.66
,,2.96,0.13,5.48,3.19,,2.96,0.13,5.48,3.19,,2.52,0.62,5.46,3.66
,,1.14,0.65,5.4,3.19,,1.14,0.65,5.4,3.19,,2.49,0.65,5.46,3.67
,,3.33,0.68,5.53,3.22,,3.33,0.68,5.53,3.22,,2.49,0.65,5.47,3.65
,,1.44,1.11,5.35,3.23,,1.44,1.11,5.35,3.23,,2.54,0.62,5.41,3.64
,,2.77,1.09,5.36,3.23,,2.77,1.09,5.36,3.23,,2.57,0.58,5.52,3.62
,,1.41,1.14,5.24,3.35,,1.41,1.14,5.24,3.35,,2.5,0.62,5.46,3.62
,,2.95,1.07,5.6,3.36,,2.95,1.07,5.6,3.36,,2.47,0.6,5.42,3.62
,,2.74,1.1,5.75,3.77,,2.74,1.1,5.75,3.77,,2.45,0.59,5.49,3.59
,,1.73,1.31,5.5,3.72,,1.73,1.31,5.5,3.72,,2.48,0.59,5.48,3.62
,,2.91,1.45,5.13,3.79,,2.91,1.45,5.13,3.79,,2.5,0.58,5.46,3.6
,,1.65,1.4,5.58,3.86,,1.65,1.4,5.58,3.86,,2.62,0.56,5.43,3.58
,,1.85,1.58,5.78,4.02,,1.85,1.58,5.78,4.02,,2.5,0.54,5.46,3.57
,,3.16,1.67,5.51,3.93,,3.16,1.67,5.51,3.93,,2.37,0.52,5.46,3.57
,,1.82,1.49,6.32,3.96,,1.82,1.49,6.32,3.96,,2.48,0.5,5.47,3.56
,,3.07,1.37,5.85,4.18,,3.07,1.37,5.85,4.18,,2.47,0.49,5.55,3.54
,,2.6,1.27,5.06,4.2,,2.6,1.27,5.06,4.2,,2.46,0.51,5.45,3.54
,,3.16,1.14,6.45,4.34,,3.16,1.14,6.45,4.34,,2.53,0.5,5.5,3.52
,,2.39,1.09,3,4.88,,2.39,1.09,3,4.88,,2.56,0.49,5.44,3.53
,,2.6,0.93,6.09,5.04,,2.6,0.93,6.09,5.04,,2.5,0.5,5.47,3.52
,,2.52,0.87,4.78,5.01,,2.52,0.87,4.78,5.01,,2.58,0.46,5.54,3.5
,,2.6,0.76,5.11,5.02,,2.6,0.76,5.11,5.02,,2.49,0.47,5.5,3.5
,,2.81,0.65,5.78,4.91,,2.81,0.65,5.78,4.91,,2.41,0.45,5.45,3.5
,,2.99,0.7,5.22,4.89,,2.99,0.7,5.22,4.89,,2.45,0.45,5.49,3.49
,,2.56,0.73,5.7,4.74,,2.56,0.73,5.7,4.74,,2.59,0.58,5.47,3.51
,,2.68,0.69,5.73,4.67,,2.68,0.69,5.73,4.67,,2.65,0.59,5.51,3.48
,,2.79,0.63,5.54,4.59,,2.79,0.63,5.54,4.59,,2.53,0.51,5.53,3.48
,,2.44,0.73,5.88,4.59,,2.44,0.73,5.88,4.59,,2.49,0.5,5.45,3.49
,,2.66,0.82,5.82,4.44,,2.66,0.82,5.82,4.44,,2.51,0.44,5.5,3.47
,,2.93,0.76,5.23,4.42,,2.93,0.76,5.23,4.42,,2.75,0.48,5.48,3.47
,,2.61,0.75,6.2,4.34,,2.61,0.75,6.2,4.34,,2.49,0.49,5.44,3.47
,,2.03,0.75,5.54,4.49,,2.03,0.75,5.54,4.49,,3.05,0.65,5.53,3.49
,,2.63,0.69,5.21,4.45,,2.63,0.69,5.21,4.45,,2.83,0.85,5.46,3.48
,,1.96,0.7,5.07,4.55,,1.96,0.7,5.07,4.55,,2.61,0.73,5.48,3.46
,,2.91,0.67,5.19,4.56,,2.91,0.67,5.19,4.56,,2.39,0.68,5.44,3.46
,,2.93,0.73,4.96,4.61,,2.93,0.73,4.96,4.61,,2.54,0.58,5.48,3.44
,,3.24,0.86,5.26,4.5,,3.24,0.86,5.26,4.5,,2.52,0.7,5.36,3.46
,,2.6,0.84,5.71,4.41,,2.6,0.84,5.71,4.41,,2.67,0.66,5.42,3.43
,,2.39,0.82,5.16,4.36,,2.39,0.82,5.16,4.36,,2.72,0.62,5.5,3.44
,,2.77,0.75,6.08,4.34,,2.77,0.75,6.08,4.34,,2.1,0.71,5.42,3.48
,,2.72,0.69,5.61,4.43,,2.72,0.69,5.61,4.43,,2.59,0.64,5.52,3.47
,,2.34,0.7,4.5,4.51,,2.34,0.7,4.5,4.51,,2.53,0.82,5.44,3.53
,,2.62,0.74,6.08,4.49,,2.62,0.74,6.08,4.49,,2.67,0.82,5.5,3.52
,,3.02,0.72,5.46,4.48,,3.02,0.72,5.46,4.48,,2.14,0.77,5.58,3.53
,,1.96,0.75,4.96,4.45,,1.96,0.75,4.96,4.45,,2.61,0.68,5.5,3.57
,,1.48,0.75,5.96,4.44,,1.48,0.75,5.96,4.44,,2.28,0.65,5.39,3.59
,,3.47,0.86,5.96,4.39,,3.47,0.86,5.96,4.39,,2.61,0.6,5.52,3.54
,,2.71,1.12,5.51,4.41,,2.71,1.12,5.51,4.41,,2.64,0.58,5.63,3.54
,,2.42,1.02,5.39,4.36,,2.42,1.02,5.39,4.36,,2.38,0.57,5.17,3.63
,,2.71,0.9,3.97,4.43,,2.71,0.9,3.97,4.43,,2.16,0.68,5.32,3.68
,,2.3,0.81,5.39,4.36,,2.3,0.81,5.39,4.36,,2.55,0.62,5.47,3.64
,,2.83,0.73,5.99,4.26,,2.83,0.73,5.99,4.26,,2.66,0.58,5.66,3.71
,,2.53,0.7,6.7,4.3,,2.53,0.7,6.7,4.3,,2.55,0.58,5.82,3.81
,,2.34,0.65,5.4,4.44,,2.34,0.65,5.4,4.44,,2.6,0.59,5.69,3.91
,,2.49,0.7,5.06,4.4,,2.49,0.7,5.06,4.4,,2.89,0.63,5.63,3.93
,,2.35,0.75,5.39,4.51,,2.35,0.75,5.39,4.51,,2.41,0.69,5.37,3.95
,,2.8,0.78,5.31,4.44,,2.8,0.78,5.31,4.44,,2.52,0.63,5.49,3.95
,,2.58,0.67,4.39,4.5,,2.58,0.67,4.39,4.5,,2.65,0.67,4.9,4.01
,,3.14,0.67,5.48,4.49,,3.14,0.67,5.48,4.49,,2.7,0.65,6.14,4
,,2.92,0.76,5.89,4.49,,2.92,0.76,5.89,4.49,,1.75,0.75,4.56,4.26
,,2.76,0.71,4.55,4.62,,2.76,0.71,4.55,4.62,,2.24,0.76,5.74,4.3
,,2.74,0.67,5.89,4.52,,2.74,0.67,5.89,4.52,,2.9,0.68,4.89,4.28
,,2.09,0.66,6.39,4.49,,2.09,0.66,6.39,4.49,,2.99,0.72,5.69,4.22
,,2.4,0.64,5.63,4.65,,2.4,0.64,5.63,4.65,,2.4,0.78,5.62,4.27
,,2.98,0.64,5.64,4.52,,2.98,0.64,5.64,4.52,,2.33,0.68,5.52,4.27
,,2.68,0.79,4.96,4.44,,2.68,0.79,4.96,4.44,,2.57,0.64,6.04,4.26
,,2.63,0.82,6.1,4.44,,2.63,0.82,6.1,4.44,,2.52,0.62,5.32,4.31
,,3.74,0.87,5.86,4.58,,3.74,0.87,5.86,4.58,,2.58,0.6,5.04,4.37
,,2.8,1.19,5.54,4.47,,2.8,1.19,5.54,4.47,,3.07,0.68,5.59,4.38
,,2.37,1.14,4.35,4.53,,2.37,1.14,4.35,4.53,,2.54,0.69,6.41,4.37
,,3.17,1.09,4.04,4.82,,3.17,1.09,4.04,4.82,,2.87,0.63,5.61,4.54
,,2.67,0.99,5.21,4.9,,2.67,0.99,5.21,4.9,,2.27,0.64,6.27,4.55
,,2.52,0.98,6.53,4.76,,2.52,0.98,6.53,4.76,,2.04,0.6,5.04,4.51
,,3.03,0.88,5.68,4.88,,3.03,0.88,5.68,4.88,,2.45,0.59,5.8,4.41
,,2.06,0.94,5.42,4.71,,2.06,0.94,5.42,4.71,,2.89,0.56,5.65,4.64
,,3.98,1.04,5.72,4.58,,3.98,1.04,5.72,4.58,,2.61,0.58,4.77,4.58
,,2.92,1.07,6.06,4.55,,2.92,1.07,6.06,4.55,,2.35,0.55,5.27,4.59
,,2.33,0.98,5.61,4.45,,2.33,0.98,5.61,4.45,,1.58,0.64,3.97,4.71
,,2.7,0.87,5.88,4.44,,2.7,0.87,5.88,4.44,,2.52,0.65,5.61,4.91
,,2.48,0.77,5.32,4.51,,2.48,0.77,5.32,4.51,,2.11,0.62,4.93,4.86
,,2.44,0.77,6.28,4.43,,2.44,0.77,6.28,4.43,,2.61,0.65,5.08,4.8
,,2.89,0.75,6.16,4.73,,2.89,0.75,6.16,4.73,,2.36,0.64,5.87,4.86
,,2.66,0.84,5.3,4.58,,2.66,0.84,5.3,4.58,,2.75,0.6,5.76,4.93
,,2.06,0.85,5.18,4.49,,2.06,0.85,5.18,4.49,,2.33,0.57,5,4.79
,,2.55,0.92,5.17,4.42,,2.55,0.92,5.17,4.42,,2.37,0.55,5.78,5.02
,,2.5,0.87,4.21,4.61,,2.5,0.87,4.21,4.61,,1.88,0.53,5.64,4.87
,,1.66,0.86,5.75,4.56,,1.66,0.86,5.75,4.56,,2.83,0.58,5.34,4.78
,,2.86,0.83,6.11,4.54,,2.86,0.83,6.11,4.54,,2.48,0.57,4.99,4.76
,,2.44,0.83,4.56,4.43,,2.44,0.83,4.56,4.43,,2.46,0.56,7.06,4.84
,,2.62,0.76,5.78,4.33,,2.62,0.76,5.78,4.33,,3.05,0.58,5.86,5.19
,,2.72,0.72,5.15,4.35,,2.72,0.72,5.15,4.35,,2.27,0.6,5.68,5.23
,,2.13,0.8,5.68,4.36,,2.13,0.8,5.68,4.36,,2.42,0.55,5.41,5.07
,,2.63,0.77,5.2,4.32,,2.63,0.77,5.2,4.32,,2.9,0.52,5.37,4.94
,,2.59,0.76,5.79,4.24,,2.59,0.76,5.79,4.24,,2.6,0.55,5.43,4.89
,,2.43,0.79,5.39,4.22,,2.43,0.79,5.39,4.22,,2.32,0.52,5.21,4.72
,,2.97,0.8,5.34,4.17,,2.97,0.8,5.34,4.17,,2.54,0.49,5.35,4.75
,,2.69,0.71,4.73,4.16,,2.69,0.71,4.73,4.16,,3.03,0.47,5.83,4.71
,,2.6,0.62,5.95,4.18,,2.6,0.62,5.95,4.18,,2.83,0.56,4.95,4.81
,,2.61,0.7,4.93,4.13,,2.61,0.7,4.93,4.13,,2.59,0.48,5.71,5
,,2.11,0.73,4.59,4.17,,2.11,0.73,4.59,4.17,,2.53,0.46,5.38,4.89
,,2.64,0.69,5.17,4.15,,2.64,0.69,5.17,4.15,,2.88,0.51,5.6,4.92
,,2.78,0.64,5.78,4.27,,2.78,0.64,5.78,4.27,,2.94,0.52,5.81,4.79
,,2.56,0.67,5.63,4.22,,2.56,0.67,5.63,4.22,,2.68,0.62,4.15,4.94
,,2.67,0.61,5.59,4.21,,2.67,0.61,5.59,4.21,,2.34,0.62,5.72,5.07
,,1.95,0.6,6,4.34,,1.95,0.6,6,4.34,,2.45,0.55,4.98,5.06
,,2.45,0.63,5.22,4.3,,2.45,0.63,5.22,4.3,,2.88,0.56,5.61,5.07
,,2.49,0.67,5.56,4.25,,2.49,0.67,5.56,4.25,,2.49,0.55,5.24,4.87
,,1.91,0.65,5.67,4.13,,1.91,0.65,5.67,4.13,,2.83,0.55,5.66,4.74
,,2.65,0.75,5.33,4.06,,2.65,0.75,5.33,4.06,,2.46,0.52,5.37,4.57
,,2.59,0.74,5.76,4.07,,2.59,0.74,5.76,4.07,,2.5,0.47,5.7,4.46
,,2.12,0.78,4.23,4.22,,2.12,0.78,4.23,4.22,,2.65,0.44,5.58,4.67
,,2.45,0.74,4.32,4.37,,2.45,0.74,4.32,4.37,,2.57,0.62,5.68,4.59
,,2.78,0.74,5.56,4.37,,2.78,0.74,5.56,4.37,,2.57,0.58,5.82,4.46
,,2.35,0.78,5.22,4.29,,2.35,0.78,5.22,4.29,,2.39,0.58,5.93,4.42
,,2.32,0.8,4.89,4.22,,2.32,0.8,4.89,4.22,,1.12,0.81,4.89,4.48
,,2.46,0.82,6.3,4.19,,2.46,0.82,6.3,4.19,,2.13,0.89,5.35,4.43
,,2.58,0.85,6.41,4.35,,2.58,0.85,6.41,4.35,,2.7,0.86,5.84,4.34
,,2.77,0.84,5.49,4.37,,2.77,0.84,5.49,4.37,,1.83,0.91,4.58,4.31
,,2.41,0.88,5.13,4.29,,2.41,0.88,5.13,4.29,,1.77,0.87,5.18,4.23
,,2.78,0.83,6.01,4.57,,2.78,0.83,6.01,4.57,,2.6,0.97,5.52,4.12
,,2.71,0.84,5.48,4.59,,2.71,0.84,5.48,4.59,,2.25,0.88,5.49,4
,,2.62,0.83,5.19,4.5,,2.62,0.83,5.19,4.5,,2.41,0.81,5.45,3.88
,,2.21,0.85,5.02,4.4,,2.21,0.85,5.02,4.4,,2.27,0.9,5.47,3.82
,,2.55,0.87,5.52,4.5,,2.55,0.87,5.52,4.5,,2.16,0.96,5.44,3.76
,,2.56,0.87,6.25,4.44,,2.56,0.87,6.25,4.44,,2.8,0.83,5.5,3.73
,,2.58,0.83,6.17,4.42,,2.58,0.83,6.17,4.42,,2.65,0.75,5.52,3.76
,,2.5,0.82,5.58,4.4,,2.5,0.82,5.58,4.4,,3.01,0.72,5.5,3.82
,,2.6,0.8,5.61,4.3,,2.6,0.8,5.61,4.3,,2.4,0.76,5.54,3.86
,,2.53,0.76,5.53,4.17,,2.53,0.76,5.53,4.17,,2.75,0.77,5.52,3.93
,,2.66,0.74,5.56,4.08,,2.66,0.74,5.56,4.08,,2.83,0.84,5.49,3.98
,,2.55,0.69,5.55,3.98,,2.55,0.69,5.55,3.98,,2.43,0.76,5.5,4.06
,,2.5,0.69,5.44,3.89,,2.5,0.69,5.44,3.89,,2.37,0.69,5.54,4.15
,,2.46,0.63,5.44,3.83,,2.46,0.63,5.44,3.83,,2.69,0.63,5.48,4.21
,,2.42,0.57,5.48,3.76,,2.42,0.57,5.48,3.76,,2.69,0.57,5.51,4.27
,,2.37,0.5,5.97,3.76,,2.37,0.5,5.97,3.76,,1.93,0.62,5.4,4.33
,,2.5,0.52,5.51,3.8,,2.5,0.52,5.51,3.8,,2.68,0.56,5.47,4.36
,,3.84,0.71,5.41,3.77,,3.84,0.71,5.41,3.77,,3.16,0.51,5.43,4.38
,,3.03,1.27,5.38,3.72,,3.03,1.27,5.38,3.72,,2.83,0.57,5.42,4.42
,,2.97,1.29,5.35,3.68,,2.97,1.29,5.35,3.68,,2.49,0.57,5.48,4.42
,,2.68,1.21,5.44,3.66,,2.68,1.21,5.44,3.66,,2.78,0.52,5.49,4.42
,,2.46,1.07,5.47,3.61,,2.46,1.07,5.47,3.61,,1.89,0.69,5.41,4.44
,,2.33,0.92,5.54,3.61,,2.33,0.92,5.54,3.61,,2.47,0.65,5.48,4.43
,,2.64,0.87,5.42,3.58,,2.64,0.87,5.42,3.58,,2.47,0.56,5.54,4.38
,,2.92,0.89,5.52,3.53,,2.92,0.89,5.52,3.53,,1.96,0.61,5.42,4.37
,,2.31,0.87,5.44,3.5,,2.31,0.87,5.44,3.5,,2.53,0.54,5.45,4.33
,,2.65,0.84,5.45,3.46,,2.65,0.84,5.45,3.46,,2.39,0.49,5.46,4.31
,,2.52,0.72,5.51,3.43,,2.52,0.72,5.51,3.43,,2.94,0.45,5.45,4.31
,,2.48,0.64,5.48,3.42,,2.48,0.64,5.48,3.42,,2.42,0.51,5.48,4.29
,,2.57,0.55,5.49,3.38,,2.57,0.55,5.49,3.38,,2.63,0.45,5.42,4.27
,,2.6,0.5,5.52,3.35,,2.6,0.5,5.52,3.35,,2.73,0.48,5.45,4.26
,,2.47,0.43,5.44,3.36,,2.47,0.43,5.44,3.36,,2.25,0.55,5.42,4.25
,,2.53,0.39,5.49,3.32,,2.53,0.39,5.49,3.32,,2.53,0.49,5.48,4.23
,,2.47,0.34,5.49,3.3,,2.47,0.34,5.49,3.3,,2.79,0.45,5.43,4.22
,,2.56,0.34,5.49,3.28,,2.56,0.34,5.49,3.28,,1.68,0.54,5.47,4.22
,,2.66,0.32,5.5,3.27,,2.66,0.32,5.5,3.27,,2.66,0.52,5.48,4.21
,,2.47,0.28,5.41,3.29,,2.47,0.28,5.41,3.29,,2.49,0.48,5.48,4.22
,,2.68,0.27,5.48,3.27,,2.68,0.27,5.48,3.27,,2.68,0.48,5.45,4.2
,,2.44,0.28,5.48,3.25,,2.44,0.28,5.48,3.25,,2.59,0.46,5.52,4.19
,,2.79,0.31,5.46,3.26,,2.79,0.31,5.46,3.26,,2.26,0.5,5.43,4.21
,,2.36,0.27,5.49,3.25,,2.36,0.27,5.49,3.25,,2.38,0.45,5.42,4.17
,,2.54,0.24,5.44,3.24,,2.54,0.24,5.44,3.24,,2.74,0.5,5.55,4.14
,,2.47,0.22,5.47,3.25,,2.47,0.22,5.47,3.25,,3.03,0.58,5.39,4.15
,,2.52,0.19,5.44,3.25,,2.52,0.19,5.44,3.25,,2.54,0.52,5.47,4.12
,,2.53,0.17,5.46,3.25,,2.53,0.17,5.46,3.25,,2.38,0.49,5.49,4.11
,,2.58,0.15,5.46,3.25,,2.58,0.15,5.46,3.25,,2.29,0.57,5.4,4.12
,,2.66,0.14,5.45,3.26,,2.66,0.14,5.45,3.26,,2.66,0.49,5.47,4.1
,,2.63,0.16,5.54,3.26,,2.63,0.16,5.54,3.26,,2.18,0.53,5.33,4.1
,,2.43,0.16,5.45,3.29,,2.43,0.16,5.45,3.29,,2.68,0.61,5.48,4.07
,,2.48,0.15,5.49,3.28,,2.48,0.15,5.49,3.28,,2.78,0.69,5.43,4.09
,,2.5,0.13,5.45,3.28,,2.5,0.13,5.45,3.28,,2.76,0.63,5.5,4.07
,,2.51,0.14,5.47,3.27,,2.51,0.14,5.47,3.27,,2.81,0.65,5.4,4.08
,,2.53,0.14,5.53,3.26,,2.53,0.14,5.53,3.26,,2.04,0.7,5.46,4.02
,,2.48,0.14,5.48,3.26,,2.48,0.14,5.48,3.26,,,,,
,,2.48,0.13,5.47,3.26,,2.48,0.13,5.47,3.26,,,,,
,,2.44,0.16,5.51,3.28,,2.44,0.16,5.51,3.28,,,,,
,,2.46,0.16,5.43,3.28,,2.46,0.16,5.43,3.28,,,,,
,,2.51,0.17,5.45,3.27,,2.51,0.17,5.45,3.27,,,,,
,,2.55,0.17,5.41,3.28,,2.55,0.17,5.41,3.28,,,,,
,,2.56,0.19,5.51,3.27,,2.56,0.19,5.51,3.27,,,,,
,,2.54,0.2,5.45,3.27,,2.54,0.2,5.45,3.27,,,,,
,,2.61,0.21,5.43,3.27,,2.61,0.21,5.43,3.27,,,,,
,,2.47,0.23,5.44,3.27,,2.47,0.23,5.44,3.27,,,,,
,,2.49,0.22,5.46,3.27,,2.49,0.22,5.46,3.27,,,,,
,,2.5,0.22,5.43,3.28,,2.5,0.22,5.43,3.28,,,,,
,,2.58,0.22,5.46,3.28,,2.58,0.22,5.46,3.28,,,,,
,,2.49,0.23,5.47,3.29,,2.49,0.23,5.47,3.29,,,,,
,,2.51,0.25,5.46,3.28,,2.51,0.25,5.46,3.28,,,,,
,,2.48,0.26,5.41,3.27,,2.48,0.26,5.41,3.27,,,,,
,,2.34,0.26,5.5,3.27,,2.34,0.26,5.5,3.27,,,,,
,,2.45,0.26,5.46,3.27,,2.45,0.26,5.46,3.27,,,,,
,,2.5,0.24,5.49,3.26,,2.5,0.24,5.49,3.26,,,,,
,,2.46,0.25,5.44,3.28,,2.46,0.25,5.44,3.28,,,,,
,,2.44,0.27,5.42,3.28,,2.44,0.27,5.42,3.28,,,,,
,,2.52,0.26,5.48,3.26,,2.52,0.26,5.48,3.26,,,,,
,,2.52,0.26,5.45,3.25,,2.52,0.26,5.45,3.25,,,,,
,,2.51,0.24,5.48,3.24,,2.51,0.24,5.48,3.24,,,,,
,,2.6,0.23,5.47,3.25,,2.6,0.23,5.47,3.25,,,,,
,,2.52,0.23,5.46,3.25,,2.52,0.23,5.46,3.25,,,,,
,,2.65,0.21,5.45,3.26,,2.65,0.21,5.45,3.26,,,,,
,,2.43,0.26,5.46,3.27,,2.43,0.26,5.46,3.27,,,,,
,,2.53,0.26,5.46,3.26,,2.53,0.26,5.46,3.26,,,,,
,,2.41,0.26,5.44,3.27,,2.41,0.26,5.44,3.27,,,,,
,,2.51,0.25,5.44,3.28,,2.51,0.25,5.44,3.28,,,,,
,,2.44,0.24,5.41,3.3,,2.44,0.24,5.41,3.3,,,,,
,,2.5,0.24,5.52,3.29,,2.5,0.24,5.52,3.29,,,,,
,,2.5,0.26,5.47,3.3,,2.5,0.26,5.47,3.3,,,,,
,,2.57,0.23,5.51,3.3,,2.57,0.23,5.51,3.3,,,,,
,,2.4,0.25,5.45,3.29,,2.4,0.25,5.45,3.29,,,,,
,,2.44,0.24,5.46,3.29,,2.44,0.24,5.46,3.29,,,,,
,,2.48,0.23,5.52,3.3,,2.48,0.23,5.52,3.3,,,,,
,,2.47,0.23,5.43,3.3,,2.47,0.23,5.43,3.3,,,,,
,,2.53,0.23,5.45,3.29,,2.53,0.23,5.45,3.29,,,,,
,,2.48,0.22,5.42,3.29,,2.48,0.22,5.42,3.29,,,,,
,,2.48,0.22,5.43,3.28,,2.48,0.22,5.43,3.28,,,,,
,,2.61,0.21,5.54,3.27,,2.61,0.21,5.54,3.27,,,,,
,,2.54,0.22,5.46,3.28,,2.54,0.22,5.46,3.28,,,,,
,,2.56,0.22,5.42,3.28,,2.56,0.22,5.42,3.28,,,,,
,,2.57,0.2,5.48,3.26,,2.57,0.2,5.48,3.26,,,,,
,,2.41,0.21,5.46,3.26,,2.41,0.21,5.46,3.26,,,,,
,,2.49,0.22,5.47,3.25,,2.49,0.22,5.47,3.25,,,,,
,,2.46,0.21,5.43,3.25,,2.46,0.21,5.43,3.25,,,,,
,,2.34,0.21,5.45,3.24,,2.34,0.21,5.45,3.24,,,,,
,,2.39,0.21,5.48,3.23,,2.39,0.21,5.48,3.23,,,,,
,,2.62,0.19,5.47,3.22,,2.62,0.19,5.47,3.22,,,,,
,,2.51,0.19,5.47,3.22,,2.51,0.19,5.47,3.22,,,,,
,,2.45,0.21,5.44,3.21,,2.45,0.21,5.44,3.21,,,,,
,,2.51,0.2,5.48,3.21,,2.51,0.2,5.48,3.21,,,,,
,,2.57,0.2,5.49,3.22,,2.57,0.2,5.49,3.22,,,,,
,,2.58,0.19,5.49,3.2,,2.58,0.19,5.49,3.2,,,,,
,,2.47,0.19,5.46,3.2,,2.47,0.19,5.46,3.2,,,,,
,,2.54,0.18,5.44,3.21,,2.54,0.18,5.44,3.21,,,,,
,,2.57,0.17,5.48,3.2,,2.57,0.17,5.48,3.2,,,,,
,,2.51,0.19,5.44,3.21,,2.51,0.19,5.44,3.21,,,,,
,,2.39,0.18,5.45,3.2,,2.39,0.18,5.45,3.2,,,,,
,,2.55,0.18,5.44,3.21,,2.55,0.18,5.44,3.21,,,,,
,,2.65,0.17,5.43,3.2,,2.65,0.17,5.43,3.2,,,,,
,,2.46,0.17,5.45,3.2,,2.46,0.17,5.45,3.2,,,,,
,,2.46,0.16,5.46,3.2,,2.46,0.16,5.46,3.2,,,,,
,,2.37,0.16,5.48,3.21,,2.37,0.16,5.48,3.21,,,,,
,,2.56,0.17,5.51,3.21,,2.56,0.17,5.51,3.21,,,,,
,,2.18,0.17,5.49,3.21,,2.18,0.17,5.49,3.21,,,,,
,,2.51,0.16,5.48,3.2,,2.51,0.16,5.48,3.2,,,,,
,,2.36,0.22,5.47,3.21,,2.36,0.22,5.47,3.21,,,,,
,,2.52,0.22,5.43,3.21,,2.52,0.22,5.43,3.21,,,,,
,,2.62,0.22,5.64,3.22,,2.62,0.22,5.64,3.22,,,,,
,,2.11,0.24,5.65,3.25,,2.11,0.24,5.65,3.25,,,,,
,,2.63,0.24,5.49,3.27,,2.63,0.24,5.49,3.27,,,,,
,,2.53,0.32,5.51,3.25,,2.53,0.32,5.51,3.25,,,,,
,,1.71,0.36,5.44,3.24,,1.71,0.36,5.44,3.24,,,,,
,,2.63,0.37,5.44,3.25,,2.63,0.37,5.44,3.25,,,,,
,,1.78,0.5,5.38,3.28,,1.78,0.5,5.38,3.28,,,,,
,,2.91,0.54,5.53,3.3,,2.91,0.54,5.53,3.3,,,,,
,,1.39,0.61,5.34,3.29,,1.39,0.61,5.34,3.29,,,,,
,,2.23,0.63,5.19,3.32,,2.23,0.63,5.19,3.32,,,,,
,,0.77,0.87,5.35,3.38,,0.77,0.87,5.35,3.38,,,,,
,,2.86,0.88,5.5,3.37,,2.86,0.88,5.5,3.37,,,,,
,,2.96,0.87,5.47,3.35,,2.96,0.87,5.47,3.35,,,,,
,,3.55,1.04,5.64,3.36,,3.55,1.04,5.64,3.36,,,,,
,,2.25,1.14,5.54,3.41,,2.25,1.14,5.54,3.41,,,,,
,,1.28,1.09,5.34,3.43,,1.28,1.09,5.34,3.43,,,,,
,,3.46,1.03,5.68,3.42,,3.46,1.03,5.68,3.42,,,,,
,,2.6,1.38,5.4,3.53,,2.6,1.38,5.4,3.53,,,,,
,,3.14,1.59,5.46,3.49,,3.14,1.59,5.46,3.49,,,,,
,,2.37,1.58,5.39,3.46,,2.37,1.58,5.39,3.46,,,,,
,,2.31,1.5,5.19,3.46,,2.31,1.5,5.19,3.46,,,,,
,,0.66,1.73,5.43,3.45,,0.66,1.73,5.43,3.45,,,,,
,,2.31,1.65,5.25,3.45,,2.31,1.65,5.25,3.45,,,,,
,,3.05,1.56,5.19,3.47,,3.05,1.56,5.19,3.47,,,,,
,,3.64,1.46,5.45,3.48,,3.64,1.46,5.45,3.48,,,,,
,,1.7,2.27,5.39,3.46,,1.7,2.27,5.39,3.46,,,,,
,,2.89,2.09,5.46,3.48,,2.89,2.09,5.46,3.48,,,,,
,,2.61,1.82,5.62,3.47,,2.61,1.82,5.62,3.47,,,,,
,,1.56,1.67,5.32,3.47,,1.56,1.67,5.32,3.47,,,,,
,,2.23,1.5,5.39,3.45,,2.23,1.5,5.39,3.45,,,,,
,,2.04,1.44,5.58,3.48,,2.04,1.44,5.58,3.48,,,,,
,,2.03,1.37,5.48,3.5,,2.03,1.37,5.48,3.5,,,,,
,,2.96,1.7,5.58,3.49,,2.96,1.7,5.58,3.49,,,,,
,,2.48,1.77,5.7,3.47,,2.48,1.77,5.7,3.47,,,,,
,,2.92,2.01,5.31,3.47,,2.92,2.01,5.31,3.47,,,,,
,,2.42,2.16,5.56,3.46,,2.42,2.16,5.56,3.46,,,,,
,,1.9,2.16,5.53,3.5,,1.9,2.16,5.53,3.5,,,,,
,,2.85,2.82,5.32,3.49,,2.85,2.82,5.32,3.49,,,,,
,,2.17,3.09,5.41,3.49,,2.17,3.09,5.41,3.49,,,,,
,,2.23,3.38,5.45,3.49,,2.23,3.38,5.45,3.49,,,,,
,,3.07,3.7,5.47,3.47,,3.07,3.7,5.47,3.47,,,,,
,,2.83,3.82,5.46,3.44,,2.83,3.82,5.46,3.44,,,,,
,,3.36,3.83,5.44,3.43,,3.36,3.83,5.44,3.43,,,,,
,,2.8,4.04,5.7,3.45,,2.8,4.04,5.7,3.45,,,,,
,,2.54,4.1,5.48,3.42,,2.54,4.1,5.48,3.42,,,,,
,,1.8,4.16,5.39,3.41,,1.8,4.16,5.39,3.41,,,,,
,,1.08,3.98,5.53,3.4,,1.08,3.98,5.53,3.4,,,,,
,,2.96,4.17,5.58,3.4,,2.96,4.17,5.58,3.4,,,,,
,,2.46,4.14,5.28,3.41,,2.46,4.14,5.28,3.41,,,,,
,,2.07,4.09,5.56,3.41,,2.07,4.09,5.56,3.41,,,,,
,,3.12,4.13,5.7,3.43,,3.12,4.13,5.7,3.43,,,,,
,,2.87,4.04,5.51,3.41,,2.87,4.04,5.51,3.41,,,,,
,,2.4,3.83,5.43,3.43,,2.4,3.83,5.43,3.43,,,,,
,,1.13,3.52,5.48,3.42,,1.13,3.52,5.48,3.42,,,,,
,,1.53,3.54,5.57,3.41,,1.53,3.54,5.57,3.41,,,,,
,,2.58,3.64,5.48,3.41,,2.58,3.64,5.48,3.41,,,,,
,,1.6,3.42,5.64,3.41,,1.6,3.42,5.64,3.41,,,,,
,,2.14,3.29,5.59,3.38,,2.14,3.29,5.59,3.38,,,,,
,,2.49,3.14,5.5,3.37,,2.49,3.14,5.5,3.37,,,,,
,,3.25,2.89,5.22,3.37,,3.25,2.89,5.22,3.37,,,,,
,,3.46,2.81,5.55,3.39,,3.46,2.81,5.55,3.39,,,,,
,,2.43,2.54,5.46,3.4,,2.43,2.54,5.46,3.4,,,,,
,,2.47,2.44,5.61,3.41,,2.47,2.44,5.61,3.41,,,,,
,,2.86,2.38,5.43,3.42,,2.86,2.38,5.43,3.42,,,,,
,,3.03,2.22,5.52,3.41,,3.03,2.22,5.52,3.41,,,,,
,,2.07,2,5.64,3.41,,2.07,2,5.64,3.41,,,,,
,,3.39,1.97,5.39,3.41,,3.39,1.97,5.39,3.41,,,,,
,,2.65,1.89,5.47,3.41,,2.65,1.89,5.47,3.41,,,,,
,,2.72,1.77,5.3,3.42,,2.72,1.77,5.3,3.42,,,,,
,,1.75,1.56,5.55,3.43,,1.75,1.56,5.55,3.43,,,,,
,,2.69,1.44,5.46,3.41,,2.69,1.44,5.46,3.41,,,,,
,,2.38,1.42,5.4,3.41,,2.38,1.42,5.4,3.41,,,,,
,,1.98,1.37,5.32,3.42,,1.98,1.37,5.32,3.42,,,,,
,,1.74,1.29,5.49,3.44,,1.74,1.29,5.49,3.44,,,,,
,,3.93,1.3,5.62,3.53,,3.93,1.3,5.62,3.53,,,,,
,,2.98,1.55,5.59,3.53,,2.98,1.55,5.59,3.53,,,,,
,,2.69,1.5,5.56,3.56,,2.69,1.5,5.56,3.56,,,,,
,,2.86,1.36,5.38,3.57,,2.86,1.36,5.38,3.57,,,,,
,,2.38,1.23,5.54,3.51,,2.38,1.23,5.54,3.51,,,,,
,,2.42,1.12,5.37,3.52,,2.42,1.12,5.37,3.52,,,,,
,,1.47,1.13,5.37,3.52,,1.47,1.13,5.37,3.52,,,,,
,,2.89,1.05,5.56,3.51,,2.89,1.05,5.56,3.51,,,,,
,,2.12,0.97,5.34,3.51,,2.12,0.97,5.34,3.51,,,,,
,,1.86,0.97,5.31,3.49,,1.86,0.97,5.31,3.49,,,,,
,,2.64,1.09,5.51,3.45,,2.64,1.09,5.51,3.45,,,,,
,,2.32,0.99,5.4,3.44,,2.32,0.99,5.4,3.44,,,,,
,,1.81,0.99,5.55,3.44,,1.81,0.99,5.55,3.44,,,,,
,,2.47,0.91,5.55,3.49,,2.47,0.91,5.55,3.49,,,,,
,,2.68,0.93,5.26,3.5,,2.68,0.93,5.26,3.5,,,,,
,,1.54,1.04,5.58,3.5,,1.54,1.04,5.58,3.5,,,,,
,,2.55,1.03,5.41,3.5,,2.55,1.03,5.41,3.5,,,,,
,,3.14,1.02,5.65,3.48,,3.14,1.02,5.65,3.48,,,,,
,,0,1.36,5.34,3.53,,0,1.36,5.34,3.53,,,,,
,,3.05,1.46,4.9,3.66,,3.05,1.46,4.9,3.66,,,,,
,,1.95,1.4,5.58,3.77,,1.95,1.4,5.58,3.77,,,,,
,,3.81,1.41,5.41,3.72,,3.81,1.41,5.41,3.72,,,,,
,,2.87,1.87,5.48,3.7,,2.87,1.87,5.48,3.7,,,,,
,,4.12,1.74,5.35,3.66,,4.12,1.74,5.35,3.66,,,,,
,,2.69,1.79,5.66,3.62,,2.69,1.79,5.66,3.62,,,,,
,,2.04,1.69,5.61,3.63,,2.04,1.69,5.61,3.63,,,,,
,,2.19,1.58,5.58,3.61,,2.19,1.58,5.58,3.61,,,,,
,,2.71,1.49,5.7,3.66,,2.71,1.49,5.7,3.66,,,,,
,,2.09,1.56,5.55,3.63,,2.09,1.56,5.55,3.63,,,,,
,,2.51,1.42,5.44,3.62,,2.51,1.42,5.44,3.62,,,,,
,,1.18,1.46,5.33,3.58,,1.18,1.46,5.33,3.58,,,,,
,,1.15,1.47,5.37,3.56,,1.15,1.47,5.37,3.56,,,,,
,,1.69,1.66,5.48,3.52,,1.69,1.66,5.48,3.52,,,,,
,,3.62,1.54,5.5,3.49,,3.62,1.54,5.5,3.49,,,,,
,,2.96,1.38,5.5,3.47,,2.96,1.38,5.5,3.47,,,,,
,,2.81,1.36,5.45,3.47,,2.81,1.36,5.45,3.47,,,,,
,,2.25,1.4,5.52,3.53,,2.25,1.4,5.52,3.53,,,,,
,,2.94,1.33,5.47,3.51,,2.94,1.33,5.47,3.51,,,,,
,,2.98,1.32,5.59,3.49,,2.98,1.32,5.59,3.49,,,,,
,,2.71,1.37,5.52,3.46,,2.71,1.37,5.52,3.46,,,,,
,,2.71,1.17,5.46,3.43,,2.71,1.17,5.46,3.43,,,,,
,,2.68,1.18,5.4,3.43,,2.68,1.18,5.4,3.43,,,,,
,,2.04,1.17,5.32,3.46,,2.04,1.17,5.32,3.46,,,,,
,,3.69,1.35,5.52,3.46,,3.69,1.35,5.52,3.46,,,,,
,,3.7,1.77,5.21,3.48,,3.7,1.77,5.21,3.48,,,,,
,,2.93,1.58,5.41,3.68,,2.93,1.58,5.41,3.68,,,,,
,,2.78,1.59,5.6,3.79,,2.78,1.59,5.6,3.79,,,,,
,,2.22,1.76,5.83,3.79,,2.22,1.76,5.83,3.79,,,,,
,,2.98,1.74,5.38,3.71,,2.98,1.74,5.38,3.71,,,,,
,,2.78,1.66,5.69,3.7,,2.78,1.66,5.69,3.7,,,,,
,,3.08,1.64,5.56,3.65,,3.08,1.64,5.56,3.65,,,,,
,,3.09,1.68,5.58,3.61,,3.09,1.68,5.58,3.61,,,,,
,,2.14,1.59,5.45,3.58,,2.14,1.59,5.45,3.58,,,,,
,,2.29,1.43,5.43,3.55,,2.29,1.43,5.43,3.55,,,,,
,,3.01,1.29,5.46,3.49,,3.01,1.29,5.46,3.49,,,,,
,,1.41,1.38,5.48,3.49,,1.41,1.38,5.48,3.49,,,,,
,,2.67,1.29,5.32,3.46,,2.67,1.29,5.32,3.46,,,,,
,,2.47,1.18,5.14,3.52,,2.47,1.18,5.14,3.52,,,,,
,,2.69,1.21,5.41,3.56,,2.69,1.21,5.41,3.56,,,,,
,,3.08,1.2,5.4,3.54,,3.08,1.2,5.4,3.54,,,,,
,,2.9,1.24,5.49,3.52,,2.9,1.24,5.49,3.52,,,,,
,,2.61,1.09,5.49,3.46,,2.61,1.09,5.49,3.46,,,,,
,,1.92,1.09,5.45,3.43,,1.92,1.09,5.45,3.43,,,,,
,,2.33,0.96,5.45,3.39,,2.33,0.96,5.45,3.39,,,,,
,,2.49,0.9,5.45,3.36,,2.49,0.9,5.45,3.36,,,,,
,,2.42,0.86,5.47,3.32,,2.42,0.86,5.47,3.32,,,,,
,,2.46,0.78,5.46,3.31,,2.46,0.78,5.46,3.31,,,,,
,,2.46,0.75,5.48,3.29,,2.46,0.75,5.48,3.29,,,,,
,,2.45,0.68,5.47,3.29,,2.45,0.68,5.47,3.29,,,,,
,,2.54,0.7,5.43,3.29,,2.54,0.7,5.43,3.29,,,,,
,,2.49,0.7,5.32,3.34,,2.49,0.7,5.32,3.34,,,,,
,,2.48,0.67,5.5,3.35,,2.48,0.67,5.5,3.35,,,,,
,,2.55,0.63,5.49,3.37,,2.55,0.63,5.49,3.37,,,,,
,,2.48,0.61,5.46,3.41,,2.48,0.61,5.46,3.41,,,,,
,,2.68,0.62,5.5,3.44,,2.68,0.62,5.5,3.44,,,,,
,,2.58,0.57,5.47,3.43,,2.58,0.57,5.47,3.43,,,,,
,,2.39,0.5,5.5,3.42,,2.39,0.5,5.5,3.42,,,,,
,,2.43,0.47,5.46,3.39,,2.43,0.47,5.46,3.39,,,,,
,,2.64,0.43,5.47,3.39,,2.64,0.43,5.47,3.39,,,,,
,,2.45,0.44,5.41,3.37,,2.45,0.44,5.41,3.37,,,,,
,,2.51,0.56,5.47,3.36,,2.51,0.56,5.47,3.36,,,,,
,,2.64,0.55,5.55,3.33,,2.64,0.55,5.55,3.33,,,,,
,,2.54,0.5,5.43,3.34,,2.54,0.5,5.43,3.34,,,,,
,,2.52,0.47,5.51,3.35,,2.52,0.47,5.51,3.35,,,,,
,,2.47,0.5,5.46,3.33,,2.47,0.5,5.46,3.33,,,,,
,,2.47,0.5,5.45,3.32,,2.47,0.5,5.45,3.32,,,,,
,,2.56,0.51,5.39,3.32,,2.56,0.51,5.39,3.32,,,,,
,,2.48,0.52,5.42,3.32,,2.48,0.52,5.42,3.32,,,,,
,,2.47,0.56,5.46,3.31,,2.47,0.56,5.46,3.31,,,,,
,,2.47,0.57,5.52,3.3,,2.47,0.57,5.52,3.3,,,,,
,,2.49,0.59,5.47,3.29,,2.49,0.59,5.47,3.29,,,,,
,,2.41,0.62,5.44,3.27,,2.41,0.62,5.44,3.27,,,,,
,,2.5,0.59,5.48,3.27,,2.5,0.59,5.48,3.27,,,,,
,,2.67,0.58,5.45,3.28,,2.67,0.58,5.45,3.28,,,,,
,,2.58,0.6,5.45,3.28,,2.58,0.6,5.45,3.28,,,,,
,,2.49,0.61,5.44,3.26,,2.49,0.61,5.44,3.26,,,,,
,,2.47,0.62,5.46,3.26,,2.47,0.62,5.46,3.26,,,,,
,,2.58,0.59,5.42,3.25,,2.58,0.59,5.42,3.25,,,,,
,,2.44,0.62,5.43,3.24,,2.44,0.62,5.43,3.24,,,,,
,,2.53,0.6,5.46,3.23,,2.53,0.6,5.46,3.23,,,,,
,,2.44,0.61,5.45,3.22,,2.44,0.61,5.45,3.22,,,,,
,,2.34,0.63,5.46,3.21,,2.34,0.63,5.46,3.21,,,,,