Ext Mean,Flex Mean,Ext Var,Flex Var,Ext Freq 2,Flex Freq 2,Ext Freq 1,Flex Freq 1,Gesture
0.06,0.17,0.01,0,50.56,50.33,51.73,154.4,
0.06,0.17,0,0,50.96,200,50.56,50.33,
0.06,0.17,0,0,65.12,51.83,50.96,200,
0.06,0.17,0,0,63.7,50.79,65.12,51.83,
0.06,0.18,0,0,145.21,51.41,63.7,50.79,
0.06,0.17,0,0,74.2,51,145.21,51.41,
0.06,0.17,0,0,54.61,151.62,74.2,51,
0.06,0.18,0,0,52.18,49.25,54.61,151.62,
0.06,0.18,0,0,33.51,153.84,52.18,49.25,
0.06,0.17,0,0,98.66,50.5,33.51,153.84,
0.06,0.17,0,0,139.77,48.73,98.66,50.5,
0.06,0.17,0,0,25.15,51.46,139.77,48.73,
0.06,0.17,0,0,102.59,49.61,25.15,51.46,
0.06,0.18,0,0,47.75,49.89,102.59,49.61,
0.06,0.18,0,0,76.18,48.81,47.75,49.89,
0.06,0.18,0,0,113.85,38.12,76.18,48.81,
0.06,0.17,0,0,50.14,151.85,113.85,38.12,
0.06,0.17,0,0,51.79,51.4,50.14,151.85,
0.07,0.18,0.01,0,83.45,53.1,51.79,51.4,
0.07,0.18,0.01,0,49.29,50.69,83.45,53.1,
0.07,0.18,0.01,0,200,153.57,49.29,50.69,
0.06,0.17,0.01,0,77.85,50.93,200,153.57,
0.06,0.17,0,0,73.19,52.07,77.85,50.93,
0.06,0.19,0,0,49.4,50.61,73.19,52.07,
0.06,0.19,0,0,89.08,25.09,49.4,50.61,
0.06,0.18,0,0,167.58,153.51,89.08,25.09,
0.06,0.18,0,0,146.07,150.95,167.58,153.51,
0.16,0.22,0.13,0.03,68.02,58.67,146.07,150.95,
0.6,0.78,0.69,0.53,63.5,109.34,68.02,58.67,
1.01,1.43,1.26,1.14,70.46,78.93,63.5,109.34,
1.22,1.44,1.59,0.99,83.38,174.45,70.46,78.93,S
1.24,1.49,1.69,1.04,68.96,81.77,83.38,174.45,S
1.13,1.45,1.5,1.21,116.01,190.01,68.96,81.77,S
1.17,1.28,1.27,1.2,87.04,137.3,116.01,190.01,
1.16,1.32,1.14,1.31,57.92,145.11,87.04,137.3,
1.1,1.26,1.17,0.9,100.03,200,57.92,145.11,
1.01,1.23,1.04,1.07,119.14,189.84,100.03,200,
0.78,1.02,0.66,0.85,69.37,134.03,119.14,189.84,
0.74,0.61,0.8,0.07,70.26,106.11,69.37,134.03,
1.06,0.58,1.42,0.07,33.29,174.94,70.26,106.11,P
1.25,0.7,1.35,0.11,71.44,94.97,33.29,174.94,P
1.11,0.61,1.17,0.11,101.77,112.07,71.44,94.97,P
1.06,0.57,1.32,0.12,97.67,144.23,101.77,112.07,
1.01,0.59,1.16,0.14,49.93,82.77,97.67,144.23,
0.94,0.54,1,0.09,58.55,95.23,49.93,82.77,
0.85,0.47,0.86,0.07,33.57,76.84,58.55,95.23,
0.72,0.45,0.57,0.08,94.77,76.94,33.57,76.84,
0.69,0.43,0.62,0.08,45.1,110.74,94.77,76.94,
0.72,0.42,0.74,0.06,55.67,53.61,45.1,110.74,
0.71,0.39,0.54,0.05,33.73,200,55.67,53.61,
0.53,0.32,0.31,0.03,58.49,52.96,33.73,200,
0.39,0.76,0.26,0.61,81.86,37.52,58.49,52.96,
0.57,1.41,0.55,1.22,69.86,175.52,81.86,37.52,
0.95,1.72,1.12,1.25,95.2,200,69.86,175.52,S
1.11,1.57,1.49,0.98,61.67,179.15,95.2,200,S
1.15,1.16,1.36,0.63,95.33,109.08,61.67,179.15,S
1.07,1.01,0.98,0.63,112.58,177.66,95.33,109.08,
0.94,0.96,0.95,0.72,132.32,101.73,112.58,177.66,
0.95,1.01,0.92,0.78,70.15,164.37,132.32,101.73,
1.05,1.04,0.98,0.69,82.64,164.82,70.15,164.37,
1.13,0.97,1.04,0.46,197.47,184.73,82.64,164.82,
1.03,0.95,1.18,0.41,91.04,186.24,197.47,184.73,
0.91,0.85,0.97,0.34,127.51,52.44,91.04,186.24,
0.68,0.87,0.4,0.3,68.08,87.33,127.51,52.44,
0.48,1.46,0.26,0.78,188.43,79.7,68.08,87.33,
0.49,1.87,0.23,1.33,79.06,61.48,188.43,79.7,
0.62,1.91,0.46,1.64,71.53,68.34,79.06,61.48,R
0.71,1.96,0.55,1.73,44.28,85.67,71.53,68.34,R
0.83,1.73,0.63,1.45,56.51,128.94,44.28,85.67,R
0.98,1.57,0.92,1.32,74.94,97.43,56.51,128.94,
0.97,1.58,0.89,1.32,63.42,143.37,74.94,97.43,
0.81,1.83,0.55,1.69,76.23,200,63.42,143.37,
0.59,1.93,0.32,2.01,125.66,129.08,76.23,200,
0.52,1.5,0.43,1.06,68.76,74.73,125.66,129.08,
1.07,1.38,1.53,1.13,84.44,200,68.76,74.73,
1.53,1.67,1.97,1.95,120.95,166.47,84.44,200,S
1.33,1.75,1.34,1.75,52.58,128.45,120.95,166.47,S
1.15,1.62,1.14,1.64,121.62,81.38,52.58,128.45,
1.06,1.46,1.07,1.68,72.59,200,121.62,81.38,
1.02,1.43,1.06,1.61,67.43,100.2,72.59,200,
1.02,1.38,0.89,1.25,89.68,115.32,67.43,100.2,
0.9,1.25,0.67,1.05,69.46,146.64,89.68,115.32,
0.87,1.25,0.76,1.18,112.97,107.25,69.46,146.64,
0.97,1.3,0.97,1.1,76.1,173.14,112.97,107.25,
0.91,1.11,0.79,0.77,76.06,64.94,76.1,173.14,
0.83,1.07,0.69,0.87,49.89,68.96,76.06,64.94,
0.87,1.24,0.65,1.09,38.71,196.08,49.89,68.96,
0.64,1.45,0.3,0.94,195.5,108.39,38.71,196.08,
0.44,1.85,0.24,1.3,72.34,38.2,195.5,108.39,
0.45,2.06,0.3,1.97,100.66,72.1,72.34,38.2,R
0.45,1.98,0.26,1.92,54.13,92.6,100.66,72.1,R
0.45,1.87,0.27,1.76,55.91,84.23,54.13,92.6,
0.43,1.74,0.25,1.6,58.77,72.42,55.91,84.23,
0.51,1.77,0.29,1.74,82.7,59.29,58.77,72.42,
0.52,2,0.29,2.18,75.03,31.71,82.7,59.29,
0.39,2.03,0.16,2.19,114.91,114.57,75.03,31.71,
0.46,1.71,0.57,1.51,46.46,128.14,114.91,114.57,
1.01,1.31,1.56,1.02,64.77,114.88,46.46,128.14,
1.48,1.56,1.75,1.64,51.82,182.38,64.77,114.88,S
1.3,1.8,1.11,1.84,58.84,173.78,51.82,182.38,S
1.02,1.45,0.86,1.33,117.46,114.25,58.84,173.78,
1.01,1.28,0.77,1.48,94.09,133.2,117.46,114.25,
1.15,1.37,0.82,1.83,68.67,159.09,94.09,133.2,
1.02,1.29,0.73,1.36,64.49,189.82,68.67,159.09,
0.87,1.23,0.78,1.11,126.98,200,64.49,189.82,
0.9,1.23,0.91,1.02,126.08,83.53,126.98,200,
0.86,1.22,0.85,1.06,52.07,200,126.08,83.53,
0.66,0.95,0.53,0.7,96.6,119.19,52.07,200,
0.46,0.84,0.21,0.29,44.22,43.66,96.6,119.19,
0.46,1.29,0.25,0.76,56.04,42.54,44.22,43.66,
0.5,1.65,0.25,1.22,76.4,184.66,56.04,42.54,
0.6,1.82,0.41,1.48,94.69,128.98,76.4,184.66,R
0.66,1.72,0.45,1.55,57.7,150.7,94.69,128.98,R
0.63,1.49,0.31,1.19,55.53,121.9,57.7,150.7,R
0.6,1.5,0.31,1.15,190.36,121.15,55.53,121.9,
0.57,1.63,0.32,1.46,69.45,95.6,190.36,121.15,
0.49,1.59,0.23,1.58,52.49,62.93,69.45,95.6,
0.36,1.46,0.15,1.26,120.63,73.91,52.49,62.93,
0.31,1.24,0.15,0.86,64.52,190.12,120.63,73.91,
0.86,1.12,1.52,0.99,87.9,190.97,64.52,190.12,
1.65,1.54,2.54,1.37,112.7,200,87.9,190.97,S
1.59,1.8,1.93,1.84,76.82,112.99,112.7,200,S
1.31,1.66,1.5,2,97.19,172.14,76.82,112.99,S
1.21,1.58,1.22,1.78,88.33,179.82,97.19,172.14,
1.04,1.53,1.24,1.83,126.19,127.36,88.33,179.82,
1.15,1.44,1.52,1.86,82.42,152.21,126.19,127.36,
1.29,1.48,1.53,1.77,119.46,200,82.42,152.21,
1.14,1.48,1.37,1.67,70.91,200,119.46,200,
0.92,1.33,0.95,1.17,73.38,142.72,70.91,200,
0.78,1.04,0.51,0.52,76.82,106.63,73.38,142.72,
0.62,0.79,0.47,0.3,66.25,92.52,76.82,106.63,
0.57,1.16,0.38,0.69,80.69,59.4,66.25,92.52,
0.58,1.73,0.31,1.15,42.92,55.83,80.69,59.4,R
0.52,1.76,0.27,1.21,45.6,75.78,42.92,55.83,R
0.44,1.59,0.22,1.34,32.86,89.26,45.6,75.78,R
0.5,1.59,0.23,1.3,26.31,200,32.86,89.26,
0.53,1.52,0.25,0.71,70.82,74.06,26.31,200,
0.45,1.37,0.22,0.73,104.6,82.89,70.82,74.06,
0.41,1.32,0.18,0.96,33.64,56.18,104.6,82.89,
0.42,1.39,0.17,1.09,81.31,113.16,33.64,56.18,
0.39,1.33,0.18,0.98,58.46,83.96,81.31,113.16,
0.58,1.02,0.98,0.5,85.07,69.93,58.46,83.96,
1.48,1.16,2.82,0.65,71.7,82.24,85.07,69.93,S
1.79,1.58,2.49,1.11,65.87,158.57,71.7,82.24,S
1.22,1.65,0.98,1.29,57.83,147.56,65.87,158.57,S
1.06,1.66,0.9,2.09,107.01,162.93,57.83,147.56,
1.09,1.66,0.89,2.23,67.55,122.36,107.01,162.93,
1.03,1.52,0.92,1.52,90.58,170.17,67.55,122.36,
1.01,1.4,1.04,1.39,58.86,200,90.58,170.17,
0.97,1.31,1.02,1.15,58.35,57.48,58.86,200,
0.86,1.23,0.74,1,79.09,188.85,58.35,57.48,
0.77,1.11,0.47,0.76,200,130.82,79.09,188.85,
0.79,0.67,0.61,0.2,32.88,71.84,200,130.82,
0.98,0.47,1.11,0.07,142.91,82.33,32.88,71.84,P
1.16,0.6,1.33,0.14,46.8,151.26,142.91,82.33,P
1.01,0.61,0.87,0.14,142.27,126.86,46.8,151.26,P
0.76,0.53,0.58,0.09,55.34,117.9,142.27,126.86,
0.79,0.45,0.73,0.06,75.86,72.44,55.34,117.9,
0.76,0.42,0.62,0.05,90.43,45.4,75.86,72.44,
0.63,0.42,0.39,0.07,84.49,131.78,90.43,45.4,
0.66,0.43,0.52,0.08,69.45,163.06,84.49,131.78,
0.7,0.42,0.51,0.06,119.3,96.78,69.45,163.06,
0.64,0.39,0.37,0.04,46.73,49.68,119.3,96.78,
0.65,0.33,0.57,0.02,70.65,143.76,46.73,49.68,
0.59,0.33,0.39,0.04,39.26,50.15,70.65,143.76,
0.42,0.83,0.13,0.39,86.52,40.06,39.26,50.15,
0.33,1.36,0.12,0.68,80.24,40.52,86.52,40.06,
0.35,1.35,0.13,0.62,40.63,115.02,80.24,40.52,
0.4,1.3,0.18,0.76,55.66,120.33,40.63,115.02,
0.42,1.36,0.18,1.06,48.95,74.19,55.66,120.33,
0.43,1.55,0.21,1.13,57.5,88.97,48.95,74.19,R
0.46,1.56,0.23,1.02,29.11,64.19,57.5,88.97,R
0.63,1.57,0.31,1.04,71.28,18.65,29.11,64.19,R
0.67,1.65,0.3,1.22,137.6,80.89,71.28,18.65,
0.45,1.47,0.16,1.22,182.99,39.13,137.6,80.89,
0.31,1.35,0.1,1.03,81.18,82.84,182.99,39.13,
0.53,1.19,0.56,0.71,92.09,65.26,81.18,82.84,
1.22,1.3,1.6,1.23,49.14,86.74,92.09,65.26,S
1.57,1.65,1.94,1.68,57.29,101.47,49.14,86.74,S
1.31,1.68,1.52,1.61,88.16,128.42,57.29,101.47,S
1.06,1.41,1.11,1.41,89.75,188.63,88.16,128.42,
0.92,1.3,0.72,1.25,101.25,157.86,89.75,188.63,
0.88,1.39,0.74,1.35,183.78,68.96,101.25,157.86,
0.85,1.28,0.75,0.92,63.26,166.43,183.78,68.96,
0.92,1.13,0.75,0.71,75.58,90.06,63.26,166.43,
0.94,1.1,0.84,0.73,70.47,197.16,75.58,90.06,
0.88,1.09,0.7,0.61,67.6,129.75,70.47,197.16,
0.69,0.92,0.47,0.54,80.13,195.58,67.6,129.75,
0.55,1.03,0.33,0.75,42.8,62.15,80.13,195.58,
0.46,1.48,0.26,1.14,122.27,69.79,42.8,62.15,R
0.32,1.54,0.13,0.97,64.17,90.04,122.27,69.79,R
0.31,1.41,0.17,0.68,96.9,133.99,64.17,90.04,
0.32,1.37,0.15,0.73,102.5,37.14,96.9,133.99,
0.29,1.35,0.1,0.76,80.41,75.51,102.5,37.14,
0.28,1.32,0.11,0.73,64.56,86.2,80.41,75.51,
0.34,1.23,0.14,0.66,58.96,137.83,64.56,86.2,
0.33,1.17,0.12,0.78,147.5,61.67,58.96,137.83,
0.26,1.26,0.08,0.91,50.91,129.23,147.5,61.67,
0.24,1.31,0.18,1.01,43.73,156.98,50.91,129.23,
0.83,1.13,1.16,0.79,75.48,179.18,43.73,156.98,S
1.49,1.33,1.87,1.04,65.56,178.84,75.48,179.18,S
1.33,1.61,1.34,1.34,92.69,100.79,65.56,178.84,S
1,1.45,0.83,1.07,146.28,89.63,92.69,100.79,
0.91,1.29,0.75,0.95,57.42,159.38,146.28,89.63,
0.87,1.24,0.74,0.82,81.81,178.92,57.42,159.38,
0.85,1.21,0.75,1.13,69.51,152.32,81.81,178.92,
0.83,1.15,0.83,1.31,99.28,200,69.51,152.32,
0.87,1.15,0.95,1.06,75.12,183.74,99.28,200,
0.94,1.17,0.95,0.83,88.86,140.91,75.12,183.74,
0.86,1.09,0.76,0.57,59.94,163.15,88.86,140.91,
0.83,0.87,0.79,0.41,59.78,167.16,59.94,163.15,
0.89,0.54,1.04,0.19,73.24,104.47,59.78,167.16,
1.06,0.45,1.36,0.07,72.55,52.38,73.24,104.47,P
1.27,0.59,1.45,0.12,64.36,89.11,72.55,52.38,P
1.17,0.61,1.02,0.12,81.56,56.68,64.36,89.11,P
0.98,0.59,0.75,0.12,125.68,74.6,81.56,56.68,
0.92,0.57,0.71,0.09,32.25,112.77,125.68,74.6,
0.89,0.5,0.69,0.08,37.17,116.41,32.25,112.77,
0.78,0.48,0.62,0.1,79.6,98.93,37.17,116.41,
0.65,0.46,0.59,0.09,81.58,109.74,79.6,98.93,
0.73,0.41,0.63,0.06,88.83,133.98,81.58,109.74,
0.63,0.42,0.33,0.07,38.15,41.83,88.83,133.98,
0.43,0.9,0.26,0.69,70.21,80.01,38.15,41.83,
0.41,1.57,0.28,1.43,154.26,58.43,70.21,80.01,R
0.41,1.7,0.19,1.36,122.58,52.21,154.26,58.43,R
0.43,1.62,0.23,1.07,24.96,50.41,122.58,52.21,
0.39,1.47,0.17,0.93,62.31,129.44,24.96,50.41,
0.34,1.34,0.16,0.92,82.62,69.36,62.31,129.44,
0.38,1.41,0.17,0.94,93.51,44.08,82.62,69.36,
0.4,1.42,0.19,0.93,57.25,120.72,93.51,44.08,
0.36,1.38,0.21,0.99,88.4,88.38,57.25,120.72,
0.37,1.32,0.16,0.91,48.77,200,88.4,88.38,
0.32,1.17,0.11,0.87,33.3,127.77,48.77,200,
0.7,0.96,1.18,0.6,44.57,101.42,33.3,127.77,
1.74,1.26,2.63,0.94,96.74,148.29,44.57,101.42,S
1.81,1.59,2.02,1.24,45.45,82.92,96.74,148.29,S
1.04,1.5,0.81,1.21,150.29,134.42,45.45,82.92,
0.83,1.38,0.69,1.4,100.33,176.03,150.29,134.42,
0.97,1.23,0.98,1.05,52.45,140.23,100.33,176.03,
1.06,1.21,0.95,1.04,51.5,155.36,52.45,140.23,
1.02,1.2,0.85,1.01,67.79,200,51.5,155.36,
0.99,1.21,0.92,1.16,45.43,163.8,67.79,200,
0.94,1.14,0.76,1.18,40.33,146,45.43,163.8,
0.92,1.08,0.95,0.88,61.47,54.71,40.33,146,
0.92,0.79,1.02,0.48,74.78,152.53,61.47,54.71,
0.96,0.41,0.88,0.05,32.91,165.39,74.78,152.53,
0.99,0.43,1.32,0.09,95.79,117.7,32.91,165.39,P
1.01,0.52,1.34,0.12,67.85,140.12,95.79,117.7,P
0.84,0.52,0.84,0.08,137.65,114.8,67.85,140.12,P
0.83,0.49,0.79,0.09,66.28,114.05,137.65,114.8,
0.96,0.51,0.95,0.09,40.47,118.14,66.28,114.05,
0.92,0.46,0.9,0.06,57.21,200,40.47,118.14,
0.87,0.39,0.81,0.04,128.48,120.93,57.21,200,
0.77,0.38,0.59,0.04,59.99,95.7,128.48,120.93,
0.71,0.34,0.36,0.03,74.31,134.67,59.99,95.7,
0.54,0.35,0.2,0.07,97.81,55.86,74.31,134.67,
0.34,0.8,0.13,0.39,70.61,64.76,97.81,55.86,
0.35,1.36,0.15,0.77,49.35,93.75,70.61,64.76,
0.36,1.38,0.16,0.8,87.96,75.71,49.35,93.75,
0.37,1.29,0.16,0.8,46.52,107.02,87.96,75.71,
0.41,1.38,0.16,0.85,49.2,93.49,46.52,107.02,R
0.43,1.48,0.17,0.91,59.78,74.82,49.2,93.49,R
0.45,1.47,0.18,0.93,95.66,61.99,59.78,74.82,R
0.41,1.28,0.18,0.8,29.23,81.21,95.66,61.99,
0.4,1.19,0.14,0.92,26.89,153.2,29.23,81.21,
0.37,1.22,0.09,0.77,189.9,36.79,26.89,153.2,
0.33,1.19,0.44,0.7,43.04,101.46,189.9,36.79,
1.4,1.07,2.39,0.63,39.54,64.95,43.04,101.46,P
2.4,0.91,3.44,0.19,38.99,82.82,39.54,64.95,P
1.95,0.75,2.3,0.1,90.62,97.4,38.99,82.82,P
1.24,0.57,1.25,0.09,63.51,133.16,90.62,97.4,
0.86,0.48,0.63,0.08,69.51,103.97,63.51,133.16,
0.75,0.44,0.65,0.08,75.15,94.78,69.51,103.97,
0.63,0.42,0.58,0.07,118.04,119.83,75.15,94.78,
0.49,0.42,0.3,0.07,109.67,108.14,118.04,119.83,
0.51,0.43,0.31,0.07,200,111.24,109.67,108.14,
0.52,0.39,0.35,0.04,62.41,69.07,200,111.24,
0.39,0.34,0.22,0.05,45.05,49.58,62.41,69.07,
0.36,0.63,0.22,0.38,39.9,76.15,45.05,49.58,
0.42,1.18,0.23,0.77,100.59,79.05,39.9,76.15,
0.38,1.49,0.14,1.01,46.23,87.09,100.59,79.05,R
0.45,1.8,0.22,1.49,31.24,93.54,46.23,87.09,R
0.51,1.77,0.21,1.35,44.5,64.21,31.24,93.54,R
0.46,1.42,0.17,0.78,30.44,113.15,44.5,64.21,
0.48,1.29,0.2,0.82,26.36,68.07,30.44,113.15,
0.5,1.21,0.22,0.82,66.59,120.82,26.36,68.07,
0.43,1.16,0.18,0.74,143.65,140.52,66.59,120.82,
0.33,1.16,0.16,0.88,96.48,112.32,143.65,140.52,
0.29,1.2,0.14,0.85,87.8,160.45,96.48,112.32,
0.38,1.2,0.36,0.76,43.79,141.93,87.8,160.45,
1.09,0.99,1.51,0.43,50.64,122.29,43.79,141.93,P
1.61,0.78,1.84,0.09,184.95,75.19,50.64,122.29,P
1.26,0.65,1.09,0.09,103.01,84.07,184.95,75.19,P
0.92,0.51,0.7,0.08,32.43,102.2,103.01,84.07,
0.78,0.44,0.4,0.06,51.26,144.65,32.43,102.2,
0.72,0.42,0.45,0.06,55.88,55.84,51.26,144.65,
0.71,0.44,0.53,0.08,45.69,120.63,55.88,55.84,
0.63,0.43,0.41,0.06,65.57,146.67,45.69,120.63,
0.63,0.4,0.5,0.06,48.07,154.59,65.57,146.67,
0.61,0.38,0.45,0.05,58.82,88.42,48.07,154.59,
0.59,0.33,0.33,0.02,76.22,115.78,58.82,88.42,
0.47,0.42,0.26,0.19,52.38,51.97,76.22,115.78,
0.59,1.26,0.71,1.33,87.53,138.78,52.38,51.97,S
0.95,1.87,1.21,1.76,84.35,39.95,87.53,138.78,S
0.89,1.59,0.78,1.2,62.48,197.34,84.35,39.95,S
0.85,1.33,0.91,0.88,73.5,118.98,62.48,197.34,
0.93,1.09,1,0.55,153.21,180.6,73.5,118.98,
0.87,0.99,0.78,0.66,100.46,182.31,153.21,180.6,
0.96,1.01,1.05,0.68,53.4,196.96,100.46,182.31,
0.98,1.05,0.92,0.64,51.95,67.8,53.4,196.96,
0.93,1.05,0.77,0.75,60.87,169.11,51.95,67.8,
0.89,0.98,0.68,0.61,97.66,117.99,60.87,169.11,
0.79,0.91,0.59,0.49,41.48,141.06,97.66,117.99,
0.86,0.63,0.99,0.3,48.51,107.86,41.48,141.06,
1.1,0.46,1.45,0.05,78.76,59.55,48.51,107.86,P
1.11,0.54,1.22,0.06,62.56,156.82,78.76,59.55,P
0.9,0.52,0.83,0.05,101.14,146.46,62.56,156.82,
0.74,0.48,0.59,0.05,80.03,100.21,101.14,146.46,
0.63,0.43,0.44,0.05,63.87,79.67,80.03,100.21,
0.74,0.44,0.64,0.08,83.63,101.84,63.87,79.67,
0.82,0.43,0.6,0.07,36.87,147.71,83.63,101.84,
0.68,0.37,0.46,0.03,66.01,69.83,36.87,147.71,
0.55,0.34,0.39,0.03,73.61,75.68,66.01,69.83,
0.53,0.33,0.35,0.03,37.69,93.18,73.61,75.68,
0.47,0.34,0.25,0.05,83.79,58.11,37.69,93.18,
0.51,1.49,0.33,1.95,41.07,74.21,83.79,58.11,
0.76,2.41,0.67,2.89,76.06,75.94,41.07,74.21,S
0.94,1.94,0.89,1.49,44.56,67.81,76.06,75.94,S
1.03,1.55,1.02,1,104.14,159.1,44.56,67.81,
1.02,1.34,0.9,0.75,85.5,108.48,104.14,159.1,
0.89,1.24,0.72,0.75,87.33,200,85.5,108.48,
0.92,1.23,0.73,0.88,48.62,83.65,87.33,200,
0.92,1.27,0.73,0.94,44.53,120.15,48.62,83.65,
0.84,1.18,0.62,0.9,51.42,136.98,44.53,120.15,
0.79,0.99,0.51,0.68,81.47,172.55,51.42,136.98,
0.73,0.77,0.38,0.37,56.29,34.23,81.47,172.55,
0.79,1.16,0.62,1.09,39.38,77.26,56.29,34.23,R
0.65,1.75,0.61,1.65,56.52,99.46,39.38,77.26,R
0.43,1.63,0.2,1.2,101.87,101.57,56.52,99.46,R
0.45,1.5,0.18,1.12,55.89,32.68,101.87,101.57,
0.43,1.52,0.14,1.11,55.45,200,55.89,32.68,
0.39,1.45,0.15,1.11,45.57,62.75,55.45,200,
0.4,1.37,0.19,0.88,45.12,58.46,45.57,62.75,
0.39,1.28,0.2,0.68,95.98,200,45.12,58.46,
0.32,1.23,0.16,0.74,107.87,138.44,95.98,200,
0.3,1.33,0.13,0.82,95.98,123.18,107.87,138.44,
0.4,1.13,0.4,0.47,65.23,57.08,95.98,123.18,
1.15,1.11,1.69,1.17,200,127.27,65.23,57.08,S
1.48,1.59,1.71,1.91,89.02,128.63,200,127.27,S
1.03,1.56,0.79,1.31,82.3,124.95,89.02,128.63,S
1.02,1.27,1.04,0.76,69.96,55.56,82.3,124.95,
1.02,1.12,1.07,0.67,43.65,107.31,69.96,55.56,
0.95,0.99,0.95,0.59,49.34,172.79,43.65,107.31,
0.96,0.95,0.9,0.46,75.56,115.18,49.34,172.79,
0.98,0.99,0.96,0.72,65.92,161.56,75.56,115.18,
0.97,0.99,0.85,0.62,49.5,41.94,65.92,161.56,
0.92,0.99,0.73,0.49,108.25,121.13,49.5,41.94,
0.91,0.97,0.71,0.61,44.59,200,108.25,121.13,
0.77,0.7,0.51,0.32,88.59,145.68,44.59,200,
0.61,0.77,0.34,0.39,36.26,62.7,88.59,145.68,
0.5,1.31,0.21,0.94,100.62,100.03,36.26,62.7,R
0.39,1.54,0.18,1.14,54.22,152.61,100.62,100.03,R
0.37,1.44,0.15,1,25.19,107.14,54.22,152.61,R
0.35,1.28,0.14,0.79,70.85,200,25.19,107.14,
0.37,1.3,0.17,0.79,31.22,90.16,70.85,200,
0.43,1.43,0.21,1.07,43.43,44.39,31.22,90.16,
0.43,1.36,0.2,0.89,63.5,99.25,43.43,44.39,
0.34,1.15,0.12,0.48,76.89,109.66,63.5,99.25,
0.3,1.15,0.11,0.7,52.31,78.45,76.89,109.66,
0.26,1.16,0.1,0.74,49.57,160.21,52.31,78.45,
0.4,0.88,0.2,0.36,48.73,133.43,49.57,160.21,
0.46,0.62,0.21,0.08,57.16,198.4,48.73,133.43,
0.3,0.46,0.09,0,80.06,154.79,57.16,198.4,
0.18,0.31,0.05,0.02,52.8,102.32,80.06,154.79,
0.14,0.25,0.03,0.02,65.02,51.19,52.8,102.32,
0.13,0.24,0.04,0,74.68,39.17,65.02,51.19,
0.12,0.23,0.03,0,102.19,51.45,74.68,39.17,
0.11,0.22,0.02,0,89.49,49.76,102.19,51.45,
0.11,0.2,0.02,0,49.69,52.91,89.49,49.76,
0.1,0.19,0.02,0,94.54,49.22,49.69,52.91,
0.09,0.19,0.02,0,199.2,50.3,94.54,49.22,
0.09,0.19,0.02,0,158.64,51.58,199.2,50.3,
0.09,0.2,0.02,0,48.68,154.95,158.64,51.58,
0.08,0.19,0.01,0,57.17,50.65,48.68,154.95,
0.08,0.19,0.02,0,112.63,50.66,57.17,50.65,
0.08,0.2,0.02,0,83.5,51.8,112.63,50.66,
0.08,0.2,0.02,0,52.51,200,83.5,51.8,
0.11,0.19,0.02,0,80.27,50.75,52.51,200,
0.11,0.19,0.03,0,76.55,46.83,80.27,50.75,
0.1,0.2,0.02,0,63.53,152.05,76.55,46.83,
0.11,0.19,0.02,0,50.16,156.64,63.53,152.05,
0.06,0.2,0,0,50.94,50.69,32.31,50.61,
0.06,0.19,0,0,52.84,50.22,50.94,50.69,
0.06,0.19,0,0,48.28,51.04,52.84,50.22,
0.06,0.19,0,0,52.45,53.33,48.28,51.04,
0.06,0.19,0,0,50.05,50.25,52.45,53.33,
0.06,0.19,0,0,51.26,50.79,50.05,50.25,
0.06,0.19,0,0,106.29,50.33,51.26,50.79,
0.06,0.2,0,0,48.14,51.3,106.29,50.33,
0.06,0.2,0,0,101.23,50.53,48.14,51.3,
0.06,0.19,0,0,48.74,50.45,101.23,50.53,
0.06,0.19,0,0,51.97,50.16,48.74,50.45,
0.06,0.2,0,0,105.92,49.35,51.97,50.16,
0.06,0.21,0,0,51.31,51.08,105.92,49.35,
0.06,0.2,0,0,52.6,49.4,51.31,51.08,
0.06,0.21,0,0,57.3,51.67,52.6,49.4,
0.06,0.21,0,0,51.43,51.48,57.3,51.67,
0.06,0.21,0,0,49.71,109.9,51.43,51.48,
0.06,0.22,0,0,51.24,51.79,49.71,109.9,
0.18,0.27,0.09,0.01,49.85,75.17,51.24,51.79,
0.19,0.37,0.09,0.03,93.42,76.31,49.85,75.17,
0.08,0.37,0,0.03,57.42,81.12,93.42,76.31,
0.06,0.31,0,0.02,200,53.29,57.42,81.12,
0.06,0.27,0,0.01,43.43,73.16,200,53.29,
0.06,0.24,0,0.01,51.57,51.54,43.43,73.16,
0.06,0.26,0,0.01,37.02,32.85,51.57,51.54,
0.06,0.26,0,0.01,200,45.94,37.02,32.85,
0.14,0.28,0.08,0.02,62.99,51.74,200,45.94,
0.58,0.55,0.66,0.31,87.29,43.12,62.99,51.74,
1.16,1.14,1.35,0.76,81.83,178.55,87.29,43.12,S
1.24,1.28,1.21,0.74,94.62,190.22,81.83,178.55,S
0.95,0.89,0.63,0.33,81.7,76.01,94.62,190.22,
0.72,0.65,0.4,0.1,64.18,49.55,81.7,76.01,
0.57,0.56,0.37,0.09,196.62,138.21,64.18,49.55,
0.47,0.52,0.25,0.08,87.52,83.14,196.62,138.21,
0.49,0.52,0.26,0.08,57.89,76.22,87.52,83.14,
0.5,0.49,0.27,0.07,179.8,103.28,57.89,76.22,
0.52,0.46,0.29,0.07,46.16,100.51,179.8,103.28,
0.54,0.43,0.37,0.06,58.32,46.05,46.16,100.51,
0.47,0.35,0.35,0.03,102.3,51.12,58.32,46.05,
0.72,0.37,0.8,0.04,45.37,51.42,102.3,51.12,
1.26,0.61,1.44,0.1,88.41,128.2,45.37,51.42,P
1.28,0.83,1.06,0.14,103.66,94.77,88.41,128.2,P
1,0.81,0.63,0.1,113.91,133.87,103.66,94.77,
0.82,0.63,0.61,0.07,165.45,65.59,113.91,133.87,
0.62,0.52,0.42,0.08,51.19,107.1,165.45,65.59,
0.62,0.5,0.51,0.07,37.87,74.91,51.19,107.1,
0.64,0.47,0.55,0.05,56.65,129.24,37.87,74.91,
0.56,0.43,0.34,0.05,65.44,138.66,56.65,129.24,
0.46,0.41,0.18,0.05,45.54,45.9,65.44,138.66,
0.34,0.68,0.12,0.43,100.44,30.09,45.54,45.9,
0.52,1.64,0.38,1.58,45.86,173.16,100.44,30.09,S
0.74,1.69,0.52,1.39,75.85,63.92,45.86,173.16,S
0.8,0.95,0.47,0.4,64.73,190.74,75.85,63.92,
0.79,0.83,0.64,0.37,117.88,88.29,64.73,190.74,
0.77,0.8,0.71,0.36,58.92,191.95,117.88,88.29,
0.85,0.84,0.78,0.47,94.99,153.97,58.92,191.95,
0.89,0.84,0.75,0.49,63.76,200,94.99,153.97,
0.85,0.76,0.6,0.37,72.67,152.25,63.76,200,
0.73,0.71,0.52,0.31,37.51,114.22,72.67,152.25,
0.69,0.68,0.47,0.32,68.04,116.22,37.51,114.22,
0.66,0.61,0.35,0.21,44.4,94.81,68.04,116.22,
0.59,0.73,0.29,0.42,57.14,80.74,44.4,94.81,
0.58,1.38,0.25,0.9,91.37,88.78,57.14,80.74,R
0.56,1.61,0.15,0.82,43.48,61.69,91.37,88.78,R
0.48,1.29,0.17,0.57,130.63,36.69,43.48,61.69,R
0.4,1.22,0.17,0.75,58.14,56.32,130.63,36.69,
0.32,1.21,0.14,0.74,43.89,68.7,58.14,56.32,
0.3,1.11,0.14,0.5,44.94,48.07,43.89,68.7,
0.38,1.12,0.18,0.57,57.05,52.28,44.94,48.07,
0.44,1.14,0.18,0.57,57.75,88.98,57.05,52.28,
0.36,1.02,0.12,0.48,29.05,67.42,57.75,88.98,
0.23,0.95,0.06,0.5,66.03,45.11,29.05,67.42,
0.36,0.87,0.41,0.32,37.86,91.66,66.03,45.11,
1.06,0.96,0.98,0.51,87.21,157.3,37.86,91.66,S
1.46,1.23,1.32,0.68,61.67,113.94,87.21,157.3,S
1.14,1.11,1.06,0.47,66.89,104.29,61.67,113.94,S
0.87,0.81,0.65,0.37,54.43,134.28,66.89,104.29,
0.75,0.69,0.58,0.28,95.05,132.68,54.43,134.28,
0.75,0.69,0.55,0.24,75.05,77.33,95.05,132.68,
0.75,0.68,0.52,0.16,94.58,63.37,75.05,77.33,
0.75,0.66,0.45,0.13,92.16,52.39,94.58,63.37,
0.69,0.61,0.37,0.11,78,108.91,92.16,52.39,
0.59,0.6,0.35,0.15,75.93,49.46,78,108.91,
0.66,0.6,0.36,0.18,64.1,74.71,75.93,49.46,
0.7,0.52,0.41,0.11,83.29,55.47,64.1,74.71,
0.54,0.42,0.4,0.05,82.09,52.53,83.29,55.47,
0.64,0.9,0.62,0.57,68.81,67.02,82.09,52.53,R
0.64,1.46,0.5,0.94,96.72,69.29,68.81,67.02,R
0.4,1.36,0.1,0.79,67.79,90.3,96.72,69.29,R
0.31,1.2,0.09,0.71,37.98,134.65,67.79,90.3,
0.26,1.06,0.07,0.5,69,74.94,37.98,134.65,
0.26,0.96,0.08,0.35,30.47,91.03,69,74.94,
0.25,0.96,0.07,0.29,107.23,200,30.47,91.03,
0.23,0.94,0.07,0.27,43.49,69.1,107.23,200,
0.2,0.88,0.06,0.43,82.46,80.83,43.49,69.1,
0.34,0.79,0.5,0.35,41.66,70.46,82.46,80.83,
1.25,0.82,2.32,0.31,75.6,56.84,41.66,70.46,S
1.69,1,2.3,0.46,114.48,164,75.6,56.84,S
1.19,1.02,0.73,0.47,64.18,69.99,114.48,164,
0.84,0.9,0.4,0.44,88.22,176.42,64.18,69.99,
0.72,0.84,0.7,0.44,94.58,185.67,88.22,176.42,
0.77,0.87,0.82,0.5,79.37,63.61,94.58,185.67,
0.74,0.81,0.61,0.35,60.34,140.1,79.37,63.61,
0.71,0.74,0.61,0.24,63.57,192.57,60.34,140.1,
0.64,0.74,0.47,0.36,83.7,200,63.57,192.57,
0.61,0.79,0.4,0.44,51.09,85.99,83.7,200,
0.58,0.64,0.32,0.21,91.42,37.61,51.09,85.99,
0.51,0.54,0.35,0.49,37.15,59.04,91.42,37.61,
0.51,1.06,0.28,0.83,96.34,66.89,37.15,59.04,R
0.43,1.18,0.1,0.41,126.69,62.98,96.34,66.89,R
0.32,0.79,0.1,0.13,78.95,49.19,126.69,62.98,
0.25,0.68,0.08,0.11,68.19,73.29,78.95,49.19,
0.2,0.61,0.05,0.09,100.61,83.59,68.19,73.29,
0.19,0.58,0.05,0.09,27.43,53.1,100.61,83.59,
0.2,0.66,0.06,0.2,51.29,84.19,27.43,53.1,
0.2,0.73,0.07,0.24,87.3,81.37,51.29,84.19,
0.2,0.74,0.07,0.25,69.73,127.94,87.3,81.37,
0.18,0.8,0.05,0.38,56.29,74.38,69.73,127.94,
0.48,0.75,0.61,0.27,48.35,114.35,56.29,74.38,
1.01,0.89,1.01,0.9,37.82,42.55,48.35,114.35,S
1.16,1.33,0.88,1.08,92.7,61.09,37.82,42.55,S
1.07,1.24,0.91,0.39,48.93,45.55,92.7,61.09,S
0.91,0.87,0.7,0.3,137.55,132.79,48.93,45.55,
0.7,0.82,0.47,0.35,86.7,126.02,137.55,132.79,
0.61,0.78,0.38,0.33,43.27,70.23,86.7,126.02,
0.6,0.72,0.38,0.26,30.53,152.59,43.27,70.23,
0.72,0.74,0.66,0.27,65.37,115.15,30.53,152.59,
0.78,0.78,0.71,0.3,78.47,105.43,65.37,115.15,
0.7,0.78,0.51,0.34,62.3,117.84,78.47,105.43,
0.51,0.55,0.28,0.18,78.53,56.04,62.3,117.84,
0.39,0.46,0.15,0.15,59.13,52.59,78.53,56.04,
0.41,0.74,0.13,0.26,165.38,94.39,59.13,52.59,R
0.38,0.87,0.08,0.19,70.37,141.24,165.38,94.39,R
0.34,0.86,0.1,0.23,54.6,85.23,70.37,141.24,R
0.29,0.79,0.1,0.28,38.33,103.58,54.6,85.23,
0.24,0.78,0.08,0.29,80.45,70.36,38.33,103.58,
0.2,0.84,0.06,0.34,74.58,113.34,80.45,70.36,
0.18,0.93,0.06,0.43,200,96.97,74.58,113.34,
0.18,0.93,0.05,0.38,32.96,99.63,200,96.97,
0.18,0.89,0.07,0.46,87.02,81.99,32.96,99.63,
0.66,0.85,0.91,0.41,82.16,63.46,87.02,81.99,
1.18,1.12,1.33,0.91,113.36,126.28,82.16,63.46,S
1.17,1.41,0.78,1.11,85.35,160.29,113.36,126.28,S
0.99,1.12,0.62,0.48,86.18,174.94,85.35,160.29,
0.9,0.84,0.67,0.41,44.23,191.55,86.18,174.94,
0.89,0.78,0.76,0.47,56.49,151.39,44.23,191.55,
0.84,0.77,0.78,0.4,96.02,159.47,56.49,151.39,
0.84,0.75,0.55,0.24,122.18,142.84,96.02,159.47,
0.72,0.71,0.34,0.3,57.96,106.13,122.18,142.84,
0.7,0.7,0.64,0.33,107.74,58.53,57.96,106.13,
0.81,0.73,0.83,0.26,75.79,101.34,107.74,58.53,
0.66,0.57,0.5,0.15,68.54,49.67,75.79,101.34,
0.69,0.36,0.6,0.01,54.98,43.61,68.54,49.67,
0.91,0.43,0.86,0.03,58.9,183.77,54.98,43.61,P
0.8,0.55,0.6,0.05,43.32,91.74,58.9,183.77,P
0.64,0.52,0.43,0.05,200,166.02,43.32,91.74,
0.66,0.43,0.45,0.04,84.66,38.22,200,166.02,
0.67,0.41,0.38,0.05,92.55,94.71,84.66,38.22,
0.65,0.42,0.4,0.06,57.88,75.76,92.55,94.71,
0.62,0.42,0.41,0.05,95.88,76.77,57.88,75.76,
0.56,0.42,0.38,0.05,54.7,69.23,95.88,76.77,
0.61,0.4,0.42,0.04,83.31,101.57,54.7,69.23,
0.49,0.31,0.24,0.02,86.56,31.27,83.31,101.57,
0.32,0.4,0.14,0.15,37.14,62.89,86.56,31.27,
0.4,1,0.17,0.45,71.49,64.93,37.14,62.89,R
0.44,1.34,0.12,0.49,93.6,136.78,71.49,64.93,R
0.34,1.17,0.08,0.47,81,90.22,93.6,136.78,R
0.25,1.05,0.05,0.55,112.93,120.82,81,90.22,
0.2,1,0.06,0.57,33.96,83.17,112.93,120.82,
0.22,1.03,0.08,0.58,132.62,115.21,33.96,83.17,
0.21,1,0.07,0.46,129.5,87.94,132.62,115.21,
0.22,1,0.08,0.49,102,99.8,129.5,87.94,
0.24,1.03,0.1,0.58,61.49,146.86,102,99.8,
0.21,1.05,0.11,0.6,49.16,120.94,61.49,146.86,
0.6,0.95,0.73,0.48,83.09,74.2,49.16,120.94,
1.18,1.23,1.21,0.92,69.06,146.78,83.09,74.2,S
1.18,1.35,0.97,1.04,101.78,178.98,69.06,146.78,S
0.86,0.97,0.67,0.52,88.19,73.24,101.78,178.98,
0.73,0.84,0.52,0.45,62.39,101.18,88.19,73.24,
0.74,0.82,0.59,0.41,69.35,153.64,62.39,101.18,
0.64,0.82,0.48,0.38,113.08,114.27,69.35,153.64,
0.61,0.79,0.43,0.34,93.03,154.56,113.08,114.27,
0.64,0.76,0.49,0.32,82.15,122.28,93.03,154.56,
0.68,0.76,0.54,0.32,49.26,200,82.15,122.28,
0.68,0.73,0.64,0.3,58.63,159.25,49.26,200,
0.54,0.57,0.44,0.14,54.23,49.89,58.63,159.25,
0.39,0.55,0.19,0.25,77.38,38.06,54.23,49.89,
0.33,0.84,0.12,0.4,75.36,45.2,77.38,38.06,
0.33,1.06,0.1,0.36,63,88.53,75.36,45.2,R
0.31,0.98,0.1,0.37,170.98,139.51,63,88.53,R
0.26,0.88,0.07,0.29,102.36,30.36,170.98,139.51,
0.21,0.9,0.07,0.32,94.61,96.96,102.36,30.36,
0.19,0.96,0.07,0.44,65.17,87.88,94.61,96.96,
0.22,0.94,0.08,0.44,127.83,69.5,65.17,87.88,
0.22,0.87,0.08,0.31,121.43,66.94,127.83,69.5,
0.19,0.87,0.05,0.34,84.33,123.31,121.43,66.94,
0.16,0.89,0.04,0.42,66.85,51.73,84.33,123.31,
0.43,0.74,0.76,0.22,76.54,124.21,66.85,51.73,
1.34,0.96,2.41,0.45,95.03,50.29,76.54,124.21,S
1.61,1.25,2,0.62,52.8,99.23,95.03,50.29,S
1.08,1.09,0.81,0.37,77.14,128.33,52.8,99.23,
0.93,0.97,0.8,0.41,95.21,67.73,77.14,128.33,
0.93,0.95,0.76,0.41,52.06,134.18,95.21,67.73,
0.99,0.94,1.02,0.5,64.92,200,52.06,134.18,
0.97,0.89,0.89,0.51,102.43,178.83,64.92,200,
0.85,0.87,0.67,0.43,48.62,102.02,102.43,178.83,
0.79,0.87,0.63,0.44,138.78,74.51,48.62,102.02,
0.79,0.85,0.82,0.39,76.79,116.24,138.78,74.51,
0.85,0.81,0.87,0.34,88.4,134.04,76.79,116.24,
0.69,0.65,0.37,0.18,76.98,76.3,88.4,134.04,
0.71,0.42,0.78,0.05,65.4,51.39,76.98,76.3,
0.92,0.44,1.08,0.03,74.49,150.61,65.4,51.39,P
0.82,0.55,0.61,0.04,102.54,124.85,74.49,150.61,P
0.65,0.48,0.47,0.04,86.88,50.65,102.54,124.85,
0.61,0.39,0.5,0.03,133.48,131.48,86.88,50.65,
0.73,0.37,0.65,0.03,50.81,95.73,133.48,131.48,
0.72,0.36,0.51,0.04,26.15,74.55,50.81,95.73,
0.58,0.36,0.32,0.03,84.25,97.17,26.15,74.55,
0.55,0.37,0.35,0.04,92.77,98.11,84.25,97.17,
0.49,0.33,0.34,0.03,84.8,154.59,92.77,98.11,
0.39,0.33,0.2,0.14,86.11,119.66,84.8,154.59,
0.44,0.71,0.29,0.43,83.65,56.44,86.11,119.66,R
0.47,1.14,0.32,0.44,120.5,87.28,83.65,56.44,R
0.35,1.13,0.09,0.31,94.36,95.53,120.5,87.28,R
0.28,0.93,0.07,0.29,165.65,83.72,94.36,95.53,
0.22,0.79,0.06,0.23,108.1,71.38,165.65,83.72,
0.2,0.7,0.07,0.18,82.47,71.07,108.1,71.38,
0.17,0.73,0.05,0.27,47.24,137.55,82.47,71.07,
0.16,0.92,0.04,0.45,200,90.33,47.24,137.55,
0.18,0.95,0.06,0.42,114.07,176.33,200,90.33,
0.18,0.97,0.05,1.07,85.92,108.3,114.07,176.33,
0.58,1.26,1.03,1.01,92.35,82.77,85.92,108.3,
1.52,1.39,2.13,0.62,58.71,186.99,92.35,82.77,S
1.62,1.31,1.42,0.91,96.66,200,58.71,186.99,S
1,1.06,0.56,0.69,69.18,165.38,96.66,200,
0.76,0.83,0.53,0.49,50.4,48.78,69.18,165.38,
0.73,0.83,0.48,0.35,43.47,175.92,50.4,48.78,
0.62,0.81,0.38,0.3,200,132.85,43.47,175.92,
0.59,0.75,0.5,0.33,81.87,93.8,200,132.85,
0.71,0.71,0.67,0.27,62.68,115.83,81.87,93.8,
0.7,0.67,0.64,0.18,82.27,172.12,62.68,115.83,
0.68,0.65,0.53,0.2,85.94,116.08,82.27,172.12,
0.54,0.58,0.29,0.18,111.68,153.35,85.94,116.08,
0.36,0.44,0.14,0.07,107.58,145.65,111.68,153.35,
0.59,0.4,0.52,0.03,84.17,110.28,107.58,145.65,P
0.78,0.52,0.65,0.05,200,79.41,84.17,110.28,P
0.74,0.58,0.42,0.04,91.09,140.12,200,79.41,P
0.66,0.5,0.43,0.04,65.02,200,91.09,140.12,
0.57,0.43,0.39,0.04,55.1,125.11,65.02,200,
0.58,0.39,0.41,0.04,69.66,58.78,55.1,125.11,
0.6,0.38,0.47,0.04,72.8,57.12,69.66,58.78,
0.56,0.38,0.39,0.04,65.88,51.48,72.8,57.12,
0.48,0.37,0.28,0.02,96.68,81.12,65.88,51.48,
0.36,0.3,0.15,0.01,74.97,18.26,96.68,81.12,
0.34,0.49,0.13,0.28,54.39,64.55,74.97,18.26,
0.43,0.98,0.13,0.37,152.82,42.6,54.39,64.55,R
0.42,1.14,0.07,0.2,168.47,45.43,152.82,42.6,R
0.31,0.96,0.07,0.2,64.2,59.5,168.47,45.43,
0.26,0.84,0.1,0.2,87.41,83.04,64.2,59.5,
0.24,0.75,0.09,0.17,115.62,50.48,87.41,83.04,
0.22,0.67,0.08,0.15,26.8,115.03,115.62,50.48,
0.24,0.67,0.08,0.16,49.82,85.46,26.8,115.03,
0.2,0.61,0.07,0.14,101.43,100.12,49.82,85.46,
0.18,0.54,0.06,0.12,98.05,152.07,101.43,100.12,
0.17,0.56,0.06,0.12,63.01,60.9,98.05,152.07,
0.15,0.61,0.04,0.14,59.51,127.31,63.01,60.9,
0.24,0.63,0.38,0.11,55,93.39,59.51,127.31,
0.98,0.66,1.67,0.06,62.99,62.13,55,93.39,P
1.47,0.81,1.98,0.04,93.89,143.23,62.99,62.13,P
1.1,0.82,0.94,0.04,61.94,108.51,93.89,143.23,P
0.9,0.63,0.6,0.05,45.84,149.82,61.94,108.51,
0.84,0.46,0.56,0.03,43.09,183.23,45.84,149.82,
0.69,0.37,0.36,0.03,25.64,89.94,43.09,183.23,
0.6,0.35,0.31,0.04,101.72,107.7,25.64,89.94,
0.55,0.34,0.31,0.03,84.63,144.98,101.72,107.7,
0.5,0.33,0.26,0.03,71.79,169.85,84.63,144.98,
0.51,0.33,0.28,0.03,31.91,152.33,71.79,169.85,
0.41,0.28,0.18,0.01,125.21,37,31.91,152.33,
0.36,0.61,0.14,0.31,39.28,50.51,125.21,37,
0.4,1.09,0.15,0.47,48.17,58.38,39.28,50.51,R
0.33,1.17,0.07,0.35,126.33,74.83,48.17,58.38,R
0.26,1,0.08,0.31,115.57,52.88,126.33,74.83,
0.25,0.81,0.09,0.2,130.81,127.15,115.57,52.88,
0.23,0.69,0.07,0.14,95.57,77.61,130.81,127.15,
0.18,0.67,0.05,0.16,43.64,49.85,95.57,77.61,
0.17,0.7,0.05,0.18,126.78,62.78,43.64,49.85,
0.19,0.74,0.07,0.21,82.76,52.68,126.78,62.78,
0.2,0.73,0.08,0.2,82.32,70.35,82.76,52.68,
0.3,0.72,0.34,0.19,92.66,98.47,82.32,70.35,
1.11,0.82,1.86,0.12,45.03,81.81,92.66,98.47,P
1.64,0.98,1.98,0.03,102.29,189.22,45.03,81.81,P
1.13,0.98,0.61,0.03,43.8,122.84,102.29,189.22,P
0.81,0.73,0.52,0.04,43.6,103.93,43.8,122.84,
0.78,0.54,0.57,0.05,91.73,96.55,43.6,103.93,
0.71,0.45,0.45,0.04,51.28,129.28,91.73,96.55,
0.63,0.41,0.38,0.04,46.86,51.23,51.28,129.28,
0.7,0.39,0.47,0.05,82.27,58.19,46.86,51.23,
0.83,0.37,0.6,0.04,35.62,120.44,82.27,58.19,
0.76,0.35,0.56,0.03,69.69,53.29,35.62,120.44,
0.62,0.32,0.41,0.02,74.56,77.97,69.69,53.29,
0.46,0.39,0.24,0.17,50.26,82.49,74.56,77.97,
0.58,1.02,0.62,0.8,93.25,132.69,50.26,82.49,
0.85,1.3,1.01,0.81,70.14,96.79,93.25,132.69,S
0.86,0.96,0.73,0.38,53.09,151.19,70.14,96.79,S
0.85,0.83,0.66,0.35,70.3,110.36,53.09,151.19,
0.89,0.72,0.76,0.29,69.74,200,70.3,110.36,
0.8,0.62,0.53,0.18,71.8,77.04,69.74,200,
0.68,0.6,0.36,0.11,49.49,83.27,71.8,77.04,
0.7,0.58,0.55,0.15,50.83,86.93,49.49,83.27,
0.7,0.51,0.54,0.13,66.36,196.38,50.83,86.93,
0.59,0.48,0.27,0.11,32.57,133.53,66.36,196.38,
0.44,0.42,0.2,0.06,65.27,56.75,32.57,133.53,
0.66,0.4,0.6,0.04,78.05,132.57,65.27,56.75,
1.02,0.52,1.02,0.05,74.55,57.2,78.05,132.57,P
0.91,0.62,0.83,0.05,119.5,49.79,74.55,57.2,P
0.72,0.57,0.51,0.05,85.93,125.55,119.5,49.79,
0.69,0.45,0.46,0.04,48.96,128.66,85.93,125.55,
0.62,0.39,0.38,0.04,69.63,127.04,48.96,128.66,
0.62,0.37,0.4,0.04,77.68,164.63,69.63,127.04,
0.6,0.35,0.4,0.03,58.79,51.84,77.68,164.63,
0.57,0.36,0.4,0.04,71.76,61.78,58.79,51.84,
0.55,0.34,0.35,0.02,83.98,50.87,71.76,61.78,
0.33,0.36,0.12,0.04,55.1,69.11,83.98,50.87,
0.39,0.9,0.38,1.16,56.19,56.16,55.1,69.11,
0.88,1.42,0.87,1.47,64.91,89.77,56.19,56.16,S
1,1.21,0.88,0.65,67.2,118.86,64.91,89.77,S
0.87,0.93,0.79,0.56,62.5,88.79,67.2,118.86,
0.84,0.82,0.7,0.43,71.68,179.06,62.5,88.79,
0.9,0.74,0.73,0.38,32.34,94.99,71.68,179.06,
0.86,0.7,0.69,0.34,145.18,109.93,32.34,94.99,
0.62,0.7,0.42,0.27,92.53,89.1,145.18,109.93,
0.61,0.69,0.5,0.21,96.33,171.88,92.53,89.1,
0.8,0.67,0.79,0.19,69.37,190.83,96.33,171.88,
0.88,0.66,0.72,0.22,70.94,104.46,69.37,190.83,
0.61,0.51,0.35,0.12,101.83,44.08,70.94,104.46,
0.46,0.67,0.21,0.24,44.01,84.22,101.83,44.08,
0.46,1.03,0.17,0.42,94.24,31.93,44.01,84.22,R
0.35,1.07,0.11,0.35,61.89,63.85,94.24,31.93,R
0.31,1.02,0.1,0.29,63.1,71.86,61.89,63.85,
0.27,1.02,0.09,0.38,44.28,94.39,63.1,71.86,
0.23,0.98,0.07,0.41,35.82,89.41,44.28,94.39,
0.28,0.89,0.12,0.37,76.18,115.45,35.82,89.41,
0.29,0.84,0.14,0.36,107.48,122.36,76.18,115.45,
0.22,0.85,0.09,0.38,101.44,80.37,107.48,122.36,
0.19,0.9,0.05,0.42,75.77,97.88,101.44,80.37,
0.18,0.9,0.06,0.34,87.15,85.22,75.77,97.88,
0.17,0.91,0.05,0.43,127.29,94,87.15,85.22,
0.28,0.83,0.22,0.35,37.47,41.43,127.29,94,
1.02,0.79,1.58,0.26,45.22,88.57,37.47,41.43,S
1.47,1.03,1.81,0.51,66.3,164.61,45.22,88.57,S
1.16,1.14,0.88,0.61,82.68,49.94,66.3,164.61,S
0.94,1.07,0.74,0.49,97.35,115.76,82.68,49.94,
0.81,0.99,0.61,0.39,90.01,58.78,97.35,115.76,
0.73,0.85,0.52,0.38,68.17,133.02,90.01,58.78,
0.66,0.78,0.4,0.34,84.04,152.15,68.17,133.02,
0.62,0.75,0.37,0.28,84.69,183.22,84.04,152.15,
0.74,0.74,0.57,0.3,31.17,83.08,84.69,183.22,
0.69,0.59,0.51,0.18,57.59,50.52,31.17,83.08,
0.44,0.43,0.2,0.07,50.1,40.25,57.59,50.52,
0.38,0.69,0.15,0.29,64.26,93.67,50.1,40.25,
0.39,1,0.11,0.46,57.48,37.89,64.26,93.67,
0.41,1.07,0.29,0.51,69.19,73.23,57.48,37.89,R
0.51,1,0.35,0.47,53.35,58.21,69.19,73.23,R
0.61,0.93,0.25,0.4,83.57,54.93,53.35,58.21,R
0.57,0.94,0.27,0.44,66.82,57.25,83.57,54.93,
0.42,0.94,0.18,0.42,56.31,114.23,66.82,57.25,
0.33,0.94,0.12,0.36,51.7,107.38,56.31,114.23,
0.3,0.93,0.09,0.35,65.91,78.61,51.7,107.38,
0.31,0.9,0.15,0.39,34.26,166.36,65.91,78.61,
0.34,0.88,0.14,0.26,70.32,95.76,34.26,166.36,
0.29,0.83,0.06,0.06,37.55,139.68,70.32,95.76,
0.2,0.73,0.06,0.02,51.14,50.06,37.55,139.68,
0.15,0.53,0.04,0.01,28.37,138.91,51.14,50.06,
0.13,0.36,0.02,0.01,63.44,47.87,28.37,138.91,
0.13,0.3,0.03,0,63.28,51.44,63.44,47.87,
0.12,0.26,0.03,0,63.91,51.34,63.28,51.44,
0.11,0.23,0.02,0,43.3,51.62,63.91,51.34,
0.1,0.21,0.03,0,51.41,50.46,43.3,51.62,
0.1,0.21,0.02,0,71.19,50.3,51.41,50.46,
0.1,0.2,0.02,0,56.16,51.08,71.19,50.3,
0.1,0.2,0.02,0,89.62,50.69,56.16,51.08,
0.11,0.2,0.02,0,78.33,50.09,89.62,50.69,
0.12,0.2,0.02,0,51.44,51.6,78.33,50.09,
0.12,0.2,0.02,0,91.06,52.96,51.44,51.6,