Ext Mean,Flex Mean,Ext Var,Flex Var,Gesture
0.45,0.53,0.35,0.01,
0.38,0.62,0.15,0.01,
0.37,0.62,0.14,0.01,
0.51,0.54,0.27,0,
0.62,0.55,0.33,0.01,
0.68,0.56,0.34,0.01,
0.64,0.54,0.35,0.01,
0.53,0.51,0.39,0.01,
0.54,0.53,0.49,0.02,
0.49,0.56,0.37,0.01,
0.38,0.58,0.16,0.01,
0.39,0.56,0.25,0.02,
0.4,0.47,0.23,0.01,
0.39,0.37,0.08,0.01,
0.33,0.44,0.06,0.02,
0.22,0.52,0.06,0.01,
0.18,0.54,0.07,0.01,
0.16,0.45,0.05,0.01,
0.12,0.3,0.03,0,
0.21,0.27,0.11,0,
0.84,0.37,1.33,0.02,S
1.22,0.61,2.13,0.03,S
1.09,0.71,1.25,0.02,S
0.76,0.6,0.38,0.01,
0.29,0.42,0.03,0.01,
0.12,0.35,0.02,0,
0.08,0.31,0.01,0,
0.07,0.21,0.01,0,
0.1,0.18,0.05,0,
0.53,0.5,0.68,0.33,
1.15,0.99,1.08,0.72,P
1.37,1.16,0.76,0.62,P
1.24,1.09,0.58,0.49,
1.02,1.1,0.53,0.5,
0.89,1.2,0.69,0.44,
0.8,1.23,0.74,0.41,
0.72,1.21,0.66,0.58,
0.63,1.08,0.69,0.52,
0.63,0.94,0.57,0.29,
0.63,0.84,0.35,0.35,
0.62,1.03,0.4,0.64,
0.67,0.96,0.63,0.46,
1.01,0.65,1.09,0.05,S
1.23,0.71,1.09,0.05,S
0.91,0.71,0.76,0.06,S
0.67,0.61,0.61,0.05,
0.53,0.54,0.33,0.03,
0.46,0.5,0.37,0.03,
0.47,0.48,0.37,0.02,
0.44,0.47,0.19,0.03,
0.44,0.46,0.32,0.05,
0.48,0.41,0.42,0.04,
0.46,0.34,0.24,0.02,
0.49,0.92,0.34,1.84,
0.66,2.76,0.53,3.07,R
0.78,3.24,0.58,1.82,R
0.72,2.08,0.51,0.93,R
0.68,1.53,0.46,0.63,
0.65,1.25,0.54,0.46,
0.58,1.03,0.45,0.36,
0.55,1.06,0.43,0.46,
0.56,1.15,0.62,0.49,
0.61,1.14,0.6,0.65,
0.62,1.16,0.5,0.57,
0.6,1.09,0.41,0.24,
0.61,0.81,0.28,0.17,
0.78,1.06,0.32,0.68,
0.98,1.67,0.29,0.96,
0.88,2.02,0.19,0.83,
0.68,2.09,0.21,1.17,S
0.58,1.92,0.23,1.53,S
0.54,1.86,0.23,1.17,S
0.51,1.64,0.23,0.77,
0.5,1.38,0.21,0.74,
0.49,1.23,0.18,0.52,
0.41,1.25,0.17,0.83,
0.34,1.34,0.13,0.99,
0.34,1.16,0.3,0.54,
0.68,0.99,1.25,0.39,
1.25,1.19,1.68,0.96,R
1.39,1.3,1.33,0.96,R
1.2,1.14,1.04,0.57,
0.94,1.11,0.52,0.63,
0.82,1.19,0.44,0.96,
0.78,1.12,0.67,0.84,
0.71,0.98,0.86,0.43,
0.64,0.95,0.72,0.56,
0.58,1,0.56,0.68,
0.56,0.97,0.57,0.58,
0.55,0.93,0.42,0.41,
0.62,0.97,0.46,0.37,
0.59,0.86,0.5,0.23,
0.67,1.06,0.31,0.43,
0.9,1.51,0.14,1.26,
0.89,1.94,0.22,1.83,S
0.68,2.04,0.32,1.42,S
0.54,1.68,0.27,1.08,
0.47,1.52,0.25,1.27,
0.4,1.54,0.2,1.21,
0.35,1.47,0.11,1.15,
0.36,1.33,0.17,1.03,
0.38,1.29,0.24,0.8,
0.37,1.27,0.24,0.69,
0.67,1.07,0.96,0.38,
1.23,1.11,1.37,0.47,R
1.4,1.2,0.89,0.57,R
1.17,1.05,0.67,0.37,
0.91,0.94,0.56,0.36,
0.69,0.86,0.42,0.39,
0.59,0.79,0.37,0.34,
0.53,0.76,0.31,0.36,
0.52,0.79,0.36,0.35,
0.55,0.82,0.46,0.35,
0.56,0.78,0.4,0.39,
0.55,0.72,0.38,0.25,
0.44,0.65,0.33,0.23,
0.54,0.93,0.22,0.51,
0.85,1.46,0.15,0.66,
0.88,1.74,0.1,1.13,
0.64,1.88,0.11,2.29,
0.43,1.98,0.14,2.05,
0.33,1.83,0.11,1.1,
0.29,1.59,0.11,0.97,
0.32,1.83,0.13,2.78,
0.37,2.36,0.15,4.07,S
0.41,2.35,0.23,2.8,S
0.39,2.07,0.19,2.62,
0.45,1.66,0.82,1.76,
0.92,1.13,1.45,0.35,
1.24,1.11,1.04,0.62,
1.14,1.16,0.62,0.66,
1,1.19,0.73,0.72,
0.87,1.25,0.83,0.83,
0.73,1.13,0.59,0.7,
0.66,1.05,0.5,0.65,
0.61,1.1,0.44,0.49,
0.58,1.13,0.45,0.7,R
0.64,1.08,0.61,0.73,R
0.61,1.06,0.48,0.6,R
0.55,0.99,0.28,0.56,
0.55,0.81,0.25,0.28,
0.75,1.03,0.26,0.58,
1.01,1.39,0.21,0.9,
0.89,1.43,0.13,1.03,
0.65,1.55,0.17,1.06,
0.49,1.47,0.21,0.8,
0.38,1.3,0.19,0.8,
0.35,1.23,0.15,0.73,
0.31,1.12,0.09,0.62,
0.4,1.06,0.41,0.8,
0.5,1.2,0.54,1.11,
0.44,1.4,0.23,1.15,
0.66,1.19,1.11,0.58,S
1.14,1.01,1.53,0.34,S
1.26,1.05,0.75,0.52,S
1.11,0.97,0.45,0.4,
0.94,0.92,0.37,0.79,
0.75,0.98,0.47,0.85,
0.68,0.96,0.63,0.64,
0.66,0.91,0.8,0.81,
0.64,0.95,0.65,0.61,
0.6,1,0.44,0.53,
0.56,0.98,0.47,0.58,
0.52,0.95,0.5,0.6,
0.5,0.78,0.42,0.35,
0.78,0.62,0.61,0.09,P
0.98,0.73,0.88,0.09,P
0.77,0.89,0.66,0.06,P
0.57,0.93,0.41,0.05,
0.47,0.91,0.32,0.06,
0.43,0.87,0.25,0.06,
0.36,0.8,0.21,0.04,
0.31,0.74,0.17,0.03,
0.32,0.66,0.26,0.04,
0.36,0.62,0.28,0.03,
0.34,0.63,0.16,0.03,
0.3,0.63,0.16,0.04,
0.29,0.61,0.17,0.02,
0.32,0.73,0.16,0.09,
0.56,1.09,0.15,0.45,
0.76,1.72,0.17,0.81,R
0.61,2.25,0.14,0.98,R
0.41,2.12,0.11,0.86,R
0.32,1.61,0.07,0.81,
0.32,1.33,0.12,0.82,
0.31,1.21,0.14,0.71,
0.27,1.14,0.09,0.58,
0.23,1.11,0.09,0.43,
0.21,1.18,0.09,0.57,
0.3,1.32,0.31,0.76,
0.95,1.09,1.64,0.51,S
1.46,0.99,1.91,0.57,S
1.38,1.1,0.89,0.69,S
1.24,1.02,0.63,0.49,
0.96,0.95,0.42,0.46,
0.69,0.87,0.3,0.45,
0.56,0.8,0.31,0.54,
0.44,0.75,0.24,0.47,
0.39,0.75,0.23,0.32,
0.43,0.73,0.28,0.21,
0.44,0.7,0.29,0.3,
0.45,0.71,0.34,0.31,
0.42,0.61,0.28,0.13,
0.59,0.88,0.2,0.39,
0.89,1.27,0.14,0.61,R
0.8,1.43,0.07,0.57,R
0.5,1.55,0.09,0.58,
0.32,1.43,0.11,0.53,
0.25,1.33,0.1,0.5,
0.22,1.24,0.08,0.54,
0.22,1.09,0.1,0.47,
0.23,1.03,0.1,0.51,
0.22,1.07,0.1,0.66,
0.22,1.1,0.1,0.62,
0.67,1.03,1.1,0.41,S
1.33,1.08,1.95,0.67,S
1.44,1.08,1.22,0.84,S
1.21,0.97,0.57,0.49,
0.96,0.92,0.53,0.32,
0.75,0.88,0.52,0.32,
0.62,0.87,0.43,0.3,
0.51,0.82,0.35,0.29,
0.45,0.81,0.34,0.38,
0.45,0.8,0.38,0.47,
0.44,0.78,0.28,0.57,
0.43,0.77,0.33,0.6,
0.47,0.75,0.33,0.6,
0.56,0.64,0.48,0.31,
0.86,0.58,0.63,0.06,P
0.86,0.66,0.43,0.07,P
0.57,0.73,0.31,0.14,
0.5,0.76,0.28,0.19,
0.45,0.73,0.23,0.14,
0.43,0.73,0.25,0.11,
0.54,0.76,0.49,0.11,
0.61,0.74,0.53,0.12,
0.57,0.71,0.41,0.11,
0.5,0.68,0.33,0.09,
0.46,0.65,0.26,0.12,
0.45,0.59,0.29,0.09,
0.37,0.51,0.22,0.03,
0.47,0.85,0.21,0.36,
0.81,1.39,0.21,0.68,R
0.86,1.8,0.13,0.71,R
0.61,2.01,0.16,0.71,R
0.42,1.8,0.12,0.58,
0.34,1.61,0.11,0.56,
0.29,1.4,0.11,0.5,
0.22,1.12,0.08,0.28,
0.21,0.98,0.07,0.27,
0.23,0.93,0.06,0.73,
0.21,1.11,0.06,0.85,
0.3,1.34,0.42,0.97,
0.78,1.19,0.93,1.01,
1.22,1.08,0.84,0.74,S
1.35,1.22,0.68,1.02,S
1.18,1.15,0.67,0.79,S
0.87,1.01,0.46,0.43,
0.65,0.88,0.26,0.51,
0.58,0.85,0.38,0.48,
0.61,0.92,0.56,0.54,
0.59,0.96,0.39,0.56,
0.54,0.91,0.33,0.37,
0.51,0.86,0.36,0.25,
0.46,0.82,0.3,0.27,
0.44,0.73,0.34,0.29,
0.54,0.64,0.69,0.23,
0.89,0.64,0.96,0.11,P
1.01,0.63,1.1,0.06,P
0.75,0.59,0.79,0.04,P
0.56,0.6,0.36,0.05,
0.49,0.62,0.34,0.05,
0.5,0.58,0.29,0.04,
0.49,0.55,0.36,0.05,
0.51,0.49,0.39,0.04,
0.5,0.43,0.28,0.03,
0.42,0.39,0.21,0.03,
0.39,0.37,0.19,0.03,
0.35,0.35,0.16,0.02,
0.39,0.56,0.17,0.31,
0.7,1.13,0.13,0.59,
0.83,1.84,0.08,0.68,R
0.58,2.19,0.08,0.67,R
0.39,2.12,0.11,0.58,R
0.33,1.87,0.14,0.61,
0.24,1.5,0.09,0.52,
0.18,1.22,0.07,0.55,
0.18,1.13,0.06,0.74,
0.17,1.08,0.04,0.64,
0.16,1.09,0.05,0.65,
0.16,1.11,0.06,0.7,
0.23,1.01,0.22,0.47,
0.88,0.74,1.25,0.22,
1.41,0.54,1.64,0.06,P
1.25,0.58,0.82,0.04,P
0.98,0.6,0.39,0.03,
0.78,0.59,0.47,0.03,
0.68,0.61,0.44,0.03,
0.56,0.62,0.28,0.02,
0.5,0.61,0.33,0.02,
0.51,0.58,0.35,0.03,
0.51,0.57,0.31,0.03,
0.44,0.55,0.23,0.02,
0.38,0.48,0.15,0.01,
0.33,0.6,0.09,0.19,
0.59,1.06,0.1,0.4,R
0.89,1.44,0.1,0.51,R
0.73,1.56,0.08,0.5,R
0.45,1.51,0.07,0.43,
0.31,1.38,0.06,0.43,
0.26,1.28,0.07,0.36,
0.24,1.21,0.1,0.38,
0.21,1.11,0.08,0.34,
0.19,1.01,0.04,0.29,
0.18,0.93,0.05,0.33,
0.15,0.93,0.04,0.58,
0.34,0.9,0.62,0.49,
1.03,0.68,1.53,0.1,P
1.45,0.64,1.34,0.07,P
1.26,0.73,0.57,0.06,P
0.97,0.69,0.32,0.04,
0.69,0.63,0.22,0.03,
0.52,0.64,0.17,0.03,
0.45,0.65,0.23,0.04,
0.41,0.62,0.2,0.04,
0.36,0.56,0.15,0.03,
0.36,0.53,0.24,0.03,
0.34,0.58,0.32,0.09,
0.49,1.72,0.45,2.01,S
0.65,2.48,0.49,2.54,S
0.6,1.81,0.37,0.89,S
0.56,1.36,0.36,0.49,
0.57,1.15,0.48,0.35,
0.55,1.03,0.42,0.36,
0.48,0.97,0.32,0.52,
0.42,0.94,0.31,0.49,
0.39,0.99,0.3,0.45,
0.42,1.02,0.33,0.47,
0.44,0.96,0.31,0.34,
0.37,0.91,0.24,0.32,
0.35,0.71,0.14,0.19,
0.57,0.77,0.25,0.29,
0.92,1.22,0.57,0.34,P
1.7,1.36,2.03,0.17,P
1.88,0.99,1.81,0.12,P
1.29,0.55,0.29,0.04,
0.97,0.39,0.34,0.02,
0.73,0.38,0.36,0.02,
0.62,0.42,0.31,0.04,
0.6,0.48,0.39,0.05,
0.55,0.54,0.4,0.04,
0.52,0.56,0.3,0.03,
0.45,0.54,0.17,0.02,
0.36,0.48,0.21,0.02,
0.38,0.48,0.26,0.13,
0.57,1.37,0.35,1.19,S
0.66,1.87,0.53,1.47,S
0.64,1.4,0.56,0.84,S
0.7,1.21,0.69,0.91,
0.67,1.1,0.71,0.7,
0.6,1.02,0.6,0.45,
0.55,0.95,0.44,0.48,
0.51,0.95,0.38,0.56,
0.48,0.95,0.41,0.63,
0.5,0.95,0.31,0.7,
0.5,0.8,0.25,0.42,
0.75,0.94,0.23,0.32,
1.04,1.34,0.2,0.49,
0.84,1.57,0.1,0.69,R
0.51,1.67,0.13,0.89,R
0.38,1.49,0.16,0.65,R
0.35,1.33,0.12,0.54,
0.31,1.2,0.12,0.46,
0.27,1.05,0.12,0.45,
0.23,1.04,0.11,0.5,
0.22,1.05,0.07,0.78,
0.22,1.05,0.06,0.85,
0.19,1.06,0.04,0.55,
0.35,0.88,0.22,0.32,
0.68,0.71,0.52,0.09,
0.89,0.81,0.67,0.3,
0.97,0.96,0.61,0.43,
1.05,1.04,0.56,0.35,S
1.07,0.97,0.58,0.49,S
0.92,0.87,0.53,0.54,
0.76,0.84,0.54,0.36,
0.59,0.82,0.38,0.3,
0.49,0.81,0.35,0.37,
0.51,0.79,0.49,0.34,
0.55,0.77,0.46,0.47,
0.52,0.74,0.42,0.45,
0.41,0.77,0.33,0.31,
0.41,0.78,0.25,0.3,
0.71,0.98,0.23,0.55,
1.01,1.25,0.16,0.59,R
0.83,1.35,0.09,0.37,R
0.49,1.36,0.11,0.38,
0.29,1.22,0.1,0.27,
0.18,1.05,0.05,0.21,
0.18,0.98,0.07,0.3,
0.21,0.91,0.09,0.28,
0.22,0.83,0.1,0.2,
0.19,0.8,0.07,0.26,
0.19,0.69,0.1,0.21,
0.54,0.56,0.44,0.07,
0.76,0.49,0.48,0.03,
0.6,0.5,0.21,0.04,
0.46,0.96,0.2,0.03,
0.54,1.8,0.28,0.02,
0.59,1.74,0.3,0.01,
0.51,0.98,0.34,0.01,
0.52,0.87,0.43,0.01,
0.51,1.18,0.35,0.01,
0.52,1.25,0.25,0.01,
0.54,1.2,0.22,0.01,
0.52,1.13,0.21,0.04,
0.56,1.15,0.28,0.06,
0.53,1.27,0.29,0.03,
0.48,1.31,0.23,0.02,
0.5,1.26,0.33,0.02,
0.58,0.25,0.61,0.01,
0.72,0.27,0.6,0.01,
0.51,0.25,0.14,0.01,
0.5,0.24,0.36,0.01,
0.64,0.23,0.52,0.01,
0.62,0.21,0.44,0,
0.82,0.22,0.82,0,
0.88,0.23,0.83,0.01,
0.65,0.23,0.36,0.01,
0.6,0.25,0.35,0.01,
0.56,0.25,0.32,0.01,
0.47,0.26,0.24,0.01,
0.46,0.24,0.36,0.01,
0.45,0.22,0.3,0,
0.4,0.21,0.13,0,
0.38,0.21,0.14,0,
0.37,0.22,0.2,0,
0.33,0.28,0.13,0,
0.32,0.42,0.14,0,
0.38,0.65,0.17,0,
0.38,0.71,0.12,0,
0.39,0.67,0.15,0,
0.44,0.75,0.19,0,
0.48,0.68,0.19,0,
0.49,0.43,0.16,0,
0.36,0.27,0.11,0,
0.28,0.28,0.1,0,
0.24,0.68,0.08,0,
0.18,1.44,0.05,0.01,
0.21,1.94,0.07,0.01,
0.19,1.94,0.06,0,
0.13,1.64,0.02,0,
0.1,1.44,0.01,0,
0.09,1.23,0.02,0,
0.09,0.94,0.02,0,
0.09,1,0.01,0,
0.08,1.16,0.01,0,
0.08,1.23,0.02,0,
0.16,1.25,0.12,0,
0.26,1.11,0.4,0.01,
0.55,0.87,0.55,0.04,
1.37,0.86,1.83,0.28,S
1.98,1,2.9,0.35,S
1.95,0.95,2.61,0.17,S
1.73,0.82,1.8,0.12,
1.49,0.72,1.5,0.12,
1.32,0.73,1.58,0.15,
1.32,0.79,1.5,0.22,
1.44,0.86,2.03,0.31,
1.33,0.83,1.43,0.31,
1.02,0.76,0.65,0.13,
0.71,0.71,0.47,0.06,
0.93,0.56,1.05,0.08,
1.48,0.52,2.28,0.07,P
1.38,0.58,1.82,0.06,P
1,0.64,0.81,0.06,
0.87,0.71,0.72,0.05,
0.86,0.7,0.76,0.06,
0.74,0.62,0.56,0.05,
0.68,0.55,0.51,0.05,
0.65,0.53,0.51,0.04,
0.55,0.5,0.36,0.03,
0.53,0.43,0.3,0.02,
0.65,1.03,0.55,1.1,
1.14,1.75,1.31,1.42,S
1.45,1.47,1.45,0.5,S
1.24,0.9,0.96,0.22,
1.01,0.69,0.79,0.11,
1,0.68,0.95,0.12,
1.02,0.7,1.09,0.1,
1.09,0.74,1.04,0.09,
1.15,0.79,1.03,0.1,
1.18,0.81,1.1,0.12,
1.2,0.81,0.97,0.15,
1.06,0.82,0.79,0.12,
0.78,0.81,0.59,0.04,
0.72,1.14,0.68,0.37,R
0.7,1.73,0.57,1.14,R
0.44,1.67,0.13,1.14,R
0.35,1.2,0.08,0.5,
0.37,1.04,0.07,0.3,
0.34,1.04,0.08,0.33,
0.34,1.02,0.11,0.32,
0.3,0.9,0.1,0.25,
0.24,0.83,0.08,0.23,
0.25,0.82,0.08,0.2,
0.25,0.82,0.09,0.23,
0.21,0.79,0.08,0.23,
0.36,0.68,0.64,0.25,
1.41,0.68,3.23,0.3,
2.59,0.84,4.28,0.39,S
2.46,0.89,2.82,0.4,S
1.86,0.73,2.03,0.2,S
1.81,0.69,2.13,0.26,
1.72,0.73,2.1,0.29,
1.4,0.71,1.57,0.21,
1.22,0.71,1.5,0.27,
1.24,0.72,1.25,0.3,
1.38,0.67,1.16,0.24,
1.44,0.67,1.67,0.19,
1.18,0.63,1.13,0.16,
0.85,0.83,0.54,0.68,
0.68,1.38,0.43,1.12,R
0.65,1.43,0.09,0.82,R
0.69,1.26,0.11,0.81,R
0.57,1.23,0.1,0.68,
0.4,1.16,0.08,0.39,
0.29,1.05,0.1,0.42,
0.23,0.97,0.09,0.37,
0.23,0.98,0.07,0.3,
0.22,0.9,0.09,0.29,
0.26,0.96,0.13,0.34,
0.24,0.95,0.1,0.31,
1.3,0.78,4.02,0.26,
3.05,1.15,6.29,0.82,S
2.89,1.3,3.6,0.82,S
1.75,0.9,2.15,0.33,
1.51,0.84,2.18,0.34,
1.59,0.83,2.17,0.26,
1.35,0.77,1.43,0.21,
1.13,0.7,1.19,0.17,
1.08,0.65,1.01,0.1,
1.05,0.65,0.89,0.13,
1.04,0.66,0.98,0.19,
1.08,0.66,0.95,0.22,
0.82,0.6,0.56,0.17,
0.81,0.86,0.67,0.6,
0.85,1.57,0.64,1.01,R
0.5,1.78,0.13,0.95,R
0.3,1.4,0.08,0.6,
0.2,1.08,0.07,0.27,
0.2,0.86,0.07,0.24,
0.19,0.78,0.06,0.25,
0.18,0.84,0.04,0.3,
0.18,0.86,0.05,0.26,
0.16,0.77,0.05,0.2,
0.14,0.74,0.04,0.2,
0.24,0.7,0.64,0.29,
1.49,0.72,3.34,0.46,
2.55,1.03,4.29,0.82,S
2.16,1.1,2.98,0.74,S
2,0.88,2.81,0.3,
1.94,0.81,2.13,0.39,
1.67,0.81,1.87,0.49,
1.57,0.82,1.93,0.36,
1.41,0.8,1.48,0.3,
1.44,0.8,1.81,0.26,
1.54,0.8,1.9,0.43,
1.54,0.81,1.81,0.45,R
1.63,0.82,1.93,0.31,R
1.46,0.75,1.29,0.21,R
1.05,0.89,0.65,0.32,
0.67,1.24,0.39,0.69,
0.4,1.31,0.17,0.78,
0.26,1.1,0.07,0.48,
0.23,0.91,0.06,0.3,
0.2,0.78,0.05,0.24,
0.17,0.69,0.06,0.14,
0.16,0.67,0.05,0.16,
0.15,0.69,0.04,0.14,
0.14,0.75,0.04,0.16,
0.14,0.76,0.04,0.27,
0.13,0.73,0.04,0.28,
0.52,0.67,0.75,0.14,
1.63,0.65,3.62,0.29,
2.28,0.9,4.99,0.67,S
2.27,1.01,3.31,0.59,S
2.02,0.88,2.62,0.36,
1.66,0.83,2.3,0.29,
1.45,0.8,1.36,0.37,
1.42,0.8,1.86,0.41,
1.54,0.83,2.23,0.3,
1.48,0.82,1.4,0.38,
1.33,0.78,1.22,0.34,
1.22,0.77,1.17,0.27,
1.12,0.78,0.8,0.22,
0.82,0.59,0.57,0.09,
0.82,0.43,1.02,0.08,
1.14,0.51,1.5,0.1,P
1.14,0.58,0.98,0.07,P
0.95,0.57,0.45,0.09,
0.8,0.5,0.37,0.07,
0.68,0.46,0.27,0.04,
0.6,0.45,0.28,0.04,
0.55,0.45,0.27,0.04,
0.62,0.47,0.44,0.05,
0.76,0.47,0.5,0.05,
0.67,0.45,0.27,0.03,
0.54,0.41,0.22,0.03,
0.48,0.5,0.23,0.11,
0.51,0.93,0.17,0.51,
0.58,1.18,0.09,0.59,R
0.62,1.04,0.05,0.35,R
0.54,0.98,0.05,0.36,
0.35,0.91,0.05,0.33,
0.25,0.78,0.05,0.28,
0.21,0.75,0.05,0.27,
0.16,0.72,0.05,0.2,
0.14,0.72,0.05,0.22,
0.12,0.71,0.04,0.24,
0.12,0.71,0.03,0.23,
0.12,0.77,0.03,0.26,
0.15,0.76,0.19,0.33,
1.12,0.72,1.96,0.26,
2.11,0.87,3.59,0.4,
2.16,1.05,3.6,0.49,S
2.07,1.01,2.87,0.41,S
1.67,0.93,1.84,0.4,
1.33,0.9,1.73,0.45,
1.36,0.87,1.61,0.39,
1.24,0.78,1.05,0.24,
1.12,0.73,0.99,0.42,
1.21,0.79,1.17,0.36,
1.23,0.76,1.17,0.24,
1.01,0.65,0.81,0.27,
0.64,0.56,0.31,0.17,
0.64,0.97,0.52,0.66,
0.6,1.34,0.51,0.83,R
0.33,1.19,0.09,0.42,R
0.25,1.09,0.06,0.38,
0.22,1.05,0.05,0.34,
0.2,0.98,0.04,0.32,
0.16,0.86,0.04,0.28,
0.13,0.75,0.04,0.2,
0.13,0.73,0.04,0.2,
0.13,0.8,0.04,0.37,
0.2,0.83,0.15,0.39,
0.99,0.77,1.87,0.34,
2.2,0.95,4.05,0.5,S
2.32,1.15,3.28,0.53,S
1.87,1.14,2.74,0.54,
1.79,1.1,2.43,0.57,
1.51,0.99,1.33,0.57,
1.23,1,1.29,0.64,
1.18,1.04,1.14,0.65,
1.38,1.06,1.99,0.74,
1.8,1.05,3.27,0.71,
1.7,1.03,2.53,0.44,
1.37,0.97,1.49,0.32,
1.37,0.94,1.45,0.38,
1.07,0.69,0.9,0.22,
0.75,0.39,0.56,0.03,
0.89,0.43,0.72,0.08,
0.89,0.5,0.52,0.11,
0.86,0.52,0.36,0.09,
0.84,0.49,0.36,0.08,
0.65,0.46,0.27,0.06,
0.56,0.42,0.21,0.06,
0.57,0.39,0.22,0.07,
0.52,0.39,0.17,0.06,
0.48,0.35,0.3,0.03,
0.57,0.3,0.38,0.01,
0.52,0.34,0.25,0.08,
0.46,0.7,0.22,0.28,
0.57,1.07,0.14,0.45,R
0.76,1.09,0.07,0.33,R
0.83,0.92,0.06,0.21,
0.63,0.78,0.05,0.22,
0.43,0.8,0.07,0.28,
0.31,0.85,0.06,0.22,
0.23,0.81,0.04,0.12,
0.2,0.72,0.05,0.15,
0.18,0.7,0.04,0.26,
0.16,0.71,0.04,0.25,
0.14,0.66,0.06,0.16,
0.63,0.54,1.03,0.15,
1.75,0.71,2.87,0.22,
2.16,1.01,3.16,0.54,S
1.73,1.02,2.05,0.57,S
1.47,1.04,1.88,0.58,
1.38,1.07,1.8,0.68,
1.38,0.96,1.52,0.58,
1.38,0.88,1.23,0.42,
1.23,0.88,0.9,0.48,
1.16,0.88,1.18,0.59,
1.19,0.83,1.25,0.33,
1.17,0.79,0.9,0.24,
0.93,0.65,0.45,0.18,
0.73,0.43,0.7,0.05,
1.12,0.39,1.11,0.03,P
1.25,0.45,0.7,0.07,P
0.9,0.47,0.4,0.09,
0.81,0.44,0.65,0.08,
0.87,0.41,0.6,0.07,
0.69,0.41,0.25,0.08,
0.49,0.43,0.23,0.09,
0.47,0.45,0.26,0.06,
0.47,0.44,0.19,0.04,
0.46,0.4,0.13,0.05,
0.36,0.37,0.12,0.04,
0.32,0.64,0.08,0.28,
0.52,1.01,0.09,0.45,R
0.88,1.05,0.08,0.35,R
1.06,0.92,0.04,0.25,R
0.89,0.84,0.04,0.2,
0.6,0.76,0.04,0.22,
0.42,0.75,0.04,0.3,
0.29,0.79,0.04,0.28,
0.19,0.71,0.04,0.18,
0.15,0.64,0.03,0.15,
0.14,0.61,0.03,0.09,
0.12,0.59,0.03,0.09,
0.12,0.58,0.05,0.14,
1.21,0.61,2.37,0.2,
2.16,0.59,3.21,0.16,P
1.81,0.47,1.53,0.06,P
1.47,0.4,0.87,0.05,
1.23,0.38,0.51,0.04,
1.04,0.38,0.58,0.05,
0.92,0.39,0.52,0.05,
0.8,0.39,0.4,0.03,
0.65,0.36,0.3,0.03,
0.65,0.35,0.43,0.04,
0.74,0.34,0.54,0.04,
0.62,0.31,0.32,0.03,
0.41,0.48,0.13,0.11,
0.43,0.86,0.12,0.31,
0.79,1.06,0.11,0.49,
1.16,0.97,0.07,0.38,R
1.11,0.91,0.06,0.27,R
0.77,0.89,0.07,0.26,
0.53,0.77,0.07,0.18,
0.36,0.78,0.05,0.25,
0.25,0.8,0.05,0.24,
0.2,0.74,0.06,0.15,
0.17,0.71,0.05,0.18,
0.16,0.71,0.05,0.29,
0.17,0.73,0.28,0.25,
0.7,0.62,1.29,0.14,
1.44,0.49,1.72,0.11,P
1.57,0.46,0.99,0.08,P
1.37,0.43,0.59,0.06,
1.33,0.42,0.75,0.07,
1.25,0.42,0.62,0.06,
0.98,0.37,0.43,0.04,
0.9,0.36,0.55,0.05,
0.88,0.37,0.66,0.05,
0.77,0.37,0.63,0.06,
0.79,0.39,0.55,0.06,
0.67,0.41,0.43,0.05,
0.47,0.65,0.31,0.33,
0.96,1.09,1.22,0.74,
1.55,1.17,2.13,0.63,S
1.42,1,1.8,0.35,S
1.3,0.86,1.48,0.29,
1.38,0.77,1.6,0.28,
1.22,0.76,1.25,0.27,
0.99,0.76,0.79,0.21,
0.94,0.73,0.67,0.19,
0.95,0.73,0.61,0.27,
1,0.72,0.67,0.22,
0.93,0.64,0.61,0.12,
0.7,0.5,0.41,0.08,
1.11,0.41,1.37,0.04,
1.56,0.45,1.93,0.06,P
1.37,0.49,1.08,0.07,P
1.14,0.47,0.64,0.06,
0.95,0.43,0.59,0.06,
0.93,0.42,0.59,0.05,
0.86,0.43,0.46,0.05,
0.74,0.45,0.37,0.06,
0.71,0.45,0.44,0.06,
0.69,0.44,0.57,0.07,
0.68,0.42,0.5,0.05,
0.5,0.38,0.18,0.03,
0.53,0.7,0.5,0.4,
1.16,1.26,1.48,0.68,
1.72,1.18,2.43,0.45,S
1.86,0.84,2.46,0.27,S
1.77,0.73,2.22,0.2,
1.58,0.67,1.99,0.23,
1.47,0.66,1.65,0.22,
1.58,0.6,1.66,0.11,
1.51,0.55,1.26,0.1,
1.3,0.51,1.01,0.12,
1.15,0.51,1.09,0.13,
0.94,0.5,0.74,0.1,
0.64,0.43,0.28,0.03,
0.54,0.68,0.38,0.27,
0.52,1.08,0.36,0.49,R
0.32,1.04,0.06,0.37,R
0.3,0.83,0.06,0.3,
0.31,0.8,0.05,0.29,
0.25,0.83,0.06,0.36,
0.19,0.79,0.07,0.32,
0.16,0.71,0.04,0.22,
0.14,0.72,0.03,0.25,
0.14,0.77,0.04,0.28,
0.14,0.74,0.05,0.23,
0.13,0.65,0.04,0.21,
0.2,0.61,0.26,0.25,
1.03,0.64,1.68,0.3,
2.29,1.11,3.74,0.78,S
2.47,1.33,3.87,0.78,S
1.98,1.02,2.6,0.29,S
1.59,0.92,1.76,0.24,
1.3,0.86,1.42,0.23,
1.18,0.78,1.37,0.29,
1.15,0.78,1.22,0.35,
1.17,0.77,1.14,0.25,
1.08,0.71,0.96,0.18,
1.09,0.74,1.31,0.4,
1.3,0.86,1.46,0.42,
1.27,0.7,0.95,0.16,
1.11,0.68,0.88,0.24,
0.99,1.29,0.58,0.73,R
0.65,1.62,0.2,1,R
0.42,1.4,0.1,0.83,
0.4,1.19,0.06,0.64,
0.34,1.02,0.09,0.37,
0.28,0.95,0.1,0.32,
0.24,1.01,0.07,0.43,
0.19,0.97,0.05,0.32,
0.15,0.84,0.04,0.28,
0.14,0.88,0.04,0.35,
0.13,0.84,0.04,0.27,
0.1,0.58,0.02,0.12,
0.19,0.37,0.11,0.03,
0.4,0.28,0.18,0.01,
0.55,0.34,0.26,0.01,
0.64,1.92,0.41,0.01,
0.58,4.07,0.33,0.01,
0.43,4.7,0.16,0,
0.38,3.45,0.08,0,
0.4,2.19,0.11,0,
0.38,2.38,0.12,0,
0.33,2.58,0.08,0,
0.36,2.42,0.13,0,
0.37,2.18,0.15,0,
0.36,1.99,0.14,0,
0.35,1.81,0.17,0,
0.34,1.61,0.16,0,
0.3,1.42,0.11,0,
0.06,0.17,0.01,0,
0.06,0.17,0,0,
0.06,0.17,0,0,
0.06,0.17,0,0,
0.06,0.18,0,0,
0.06,0.17,0,0,
0.06,0.17,0,0,
0.06,0.18,0,0,
0.06,0.18,0,0,
0.06,0.17,0,0,
0.06,0.17,0,0,
0.06,0.17,0,0,
0.06,0.17,0,0,
0.06,0.18,0,0,
0.06,0.18,0,0,
0.06,0.18,0,0,
0.06,0.17,0,0,
0.06,0.17,0,0,
0.07,0.18,0.01,0,
0.07,0.18,0.01,0,
0.07,0.18,0.01,0,
0.06,0.17,0.01,0,
0.06,0.17,0,0,
0.06,0.19,0,0,
0.06,0.19,0,0,
0.06,0.18,0,0,
0.06,0.18,0,0,
0.16,0.22,0.13,0.03,
0.6,0.78,0.69,0.53,
1.01,1.43,1.26,1.14,
1.22,1.44,1.59,0.99,S
1.24,1.49,1.69,1.04,S
1.13,1.45,1.5,1.21,S
1.17,1.28,1.27,1.2,
1.16,1.32,1.14,1.31,
1.1,1.26,1.17,0.9,
1.01,1.23,1.04,1.07,
0.78,1.02,0.66,0.85,
0.74,0.61,0.8,0.07,
1.06,0.58,1.42,0.07,P
1.25,0.7,1.35,0.11,P
1.11,0.61,1.17,0.11,P
1.06,0.57,1.32,0.12,
1.01,0.59,1.16,0.14,
0.94,0.54,1,0.09,
0.85,0.47,0.86,0.07,
0.72,0.45,0.57,0.08,
0.69,0.43,0.62,0.08,
0.72,0.42,0.74,0.06,
0.71,0.39,0.54,0.05,
0.53,0.32,0.31,0.03,
0.39,0.76,0.26,0.61,
0.57,1.41,0.55,1.22,
0.95,1.72,1.12,1.25,S
1.11,1.57,1.49,0.98,S
1.15,1.16,1.36,0.63,S
1.07,1.01,0.98,0.63,
0.94,0.96,0.95,0.72,
0.95,1.01,0.92,0.78,
1.05,1.04,0.98,0.69,
1.13,0.97,1.04,0.46,
1.03,0.95,1.18,0.41,
0.91,0.85,0.97,0.34,
0.68,0.87,0.4,0.3,
0.48,1.46,0.26,0.78,
0.49,1.87,0.23,1.33,
0.62,1.91,0.46,1.64,R
0.71,1.96,0.55,1.73,R
0.83,1.73,0.63,1.45,R
0.98,1.57,0.92,1.32,
0.97,1.58,0.89,1.32,
0.81,1.83,0.55,1.69,
0.59,1.93,0.32,2.01,
0.52,1.5,0.43,1.06,
1.07,1.38,1.53,1.13,
1.53,1.67,1.97,1.95,S
1.33,1.75,1.34,1.75,S
1.15,1.62,1.14,1.64,
1.06,1.46,1.07,1.68,
1.02,1.43,1.06,1.61,
1.02,1.38,0.89,1.25,
0.9,1.25,0.67,1.05,
0.87,1.25,0.76,1.18,
0.97,1.3,0.97,1.1,
0.91,1.11,0.79,0.77,
0.83,1.07,0.69,0.87,
0.87,1.24,0.65,1.09,
0.64,1.45,0.3,0.94,
0.44,1.85,0.24,1.3,
0.45,2.06,0.3,1.97,R
0.45,1.98,0.26,1.92,R
0.45,1.87,0.27,1.76,
0.43,1.74,0.25,1.6,
0.51,1.77,0.29,1.74,
0.52,2,0.29,2.18,
0.39,2.03,0.16,2.19,
0.46,1.71,0.57,1.51,
1.01,1.31,1.56,1.02,
1.48,1.56,1.75,1.64,S
1.3,1.8,1.11,1.84,S
1.02,1.45,0.86,1.33,
1.01,1.28,0.77,1.48,
1.15,1.37,0.82,1.83,
1.02,1.29,0.73,1.36,
0.87,1.23,0.78,1.11,
0.9,1.23,0.91,1.02,
0.86,1.22,0.85,1.06,
0.66,0.95,0.53,0.7,
0.46,0.84,0.21,0.29,
0.46,1.29,0.25,0.76,
0.5,1.65,0.25,1.22,
0.6,1.82,0.41,1.48,R
0.66,1.72,0.45,1.55,R
0.63,1.49,0.31,1.19,R
0.6,1.5,0.31,1.15,
0.57,1.63,0.32,1.46,
0.49,1.59,0.23,1.58,
0.36,1.46,0.15,1.26,
0.31,1.24,0.15,0.86,
0.86,1.12,1.52,0.99,
1.65,1.54,2.54,1.37,S
1.59,1.8,1.93,1.84,S
1.31,1.66,1.5,2,S
1.21,1.58,1.22,1.78,
1.04,1.53,1.24,1.83,
1.15,1.44,1.52,1.86,
1.29,1.48,1.53,1.77,
1.14,1.48,1.37,1.67,
0.92,1.33,0.95,1.17,
0.78,1.04,0.51,0.52,
0.62,0.79,0.47,0.3,
0.57,1.16,0.38,0.69,
0.58,1.73,0.31,1.15,R
0.52,1.76,0.27,1.21,R
0.44,1.59,0.22,1.34,R
0.5,1.59,0.23,1.3,
0.53,1.52,0.25,0.71,
0.45,1.37,0.22,0.73,
0.41,1.32,0.18,0.96,
0.42,1.39,0.17,1.09,
0.39,1.33,0.18,0.98,
0.58,1.02,0.98,0.5,
1.48,1.16,2.82,0.65,S
1.79,1.58,2.49,1.11,S
1.22,1.65,0.98,1.29,S
1.06,1.66,0.9,2.09,
1.09,1.66,0.89,2.23,
1.03,1.52,0.92,1.52,
1.01,1.4,1.04,1.39,
0.97,1.31,1.02,1.15,
0.86,1.23,0.74,1,
0.77,1.11,0.47,0.76,
0.79,0.67,0.61,0.2,
0.98,0.47,1.11,0.07,P
1.16,0.6,1.33,0.14,P
1.01,0.61,0.87,0.14,P
0.76,0.53,0.58,0.09,
0.79,0.45,0.73,0.06,
0.76,0.42,0.62,0.05,
0.63,0.42,0.39,0.07,
0.66,0.43,0.52,0.08,
0.7,0.42,0.51,0.06,
0.64,0.39,0.37,0.04,
0.65,0.33,0.57,0.02,
0.59,0.33,0.39,0.04,
0.42,0.83,0.13,0.39,
0.33,1.36,0.12,0.68,
0.35,1.35,0.13,0.62,
0.4,1.3,0.18,0.76,
0.42,1.36,0.18,1.06,
0.43,1.55,0.21,1.13,R
0.46,1.56,0.23,1.02,R
0.63,1.57,0.31,1.04,R
0.67,1.65,0.3,1.22,
0.45,1.47,0.16,1.22,
0.31,1.35,0.1,1.03,
0.53,1.19,0.56,0.71,
1.22,1.3,1.6,1.23,S
1.57,1.65,1.94,1.68,S
1.31,1.68,1.52,1.61,S
1.06,1.41,1.11,1.41,
0.92,1.3,0.72,1.25,
0.88,1.39,0.74,1.35,
0.85,1.28,0.75,0.92,
0.92,1.13,0.75,0.71,
0.94,1.1,0.84,0.73,
0.88,1.09,0.7,0.61,
0.69,0.92,0.47,0.54,
0.55,1.03,0.33,0.75,
0.46,1.48,0.26,1.14,R
0.32,1.54,0.13,0.97,R
0.31,1.41,0.17,0.68,
0.32,1.37,0.15,0.73,
0.29,1.35,0.1,0.76,
0.28,1.32,0.11,0.73,
0.34,1.23,0.14,0.66,
0.33,1.17,0.12,0.78,
0.26,1.26,0.08,0.91,
0.24,1.31,0.18,1.01,
0.83,1.13,1.16,0.79,S
1.49,1.33,1.87,1.04,S
1.33,1.61,1.34,1.34,S
1,1.45,0.83,1.07,
0.91,1.29,0.75,0.95,
0.87,1.24,0.74,0.82,
0.85,1.21,0.75,1.13,
0.83,1.15,0.83,1.31,
0.87,1.15,0.95,1.06,
0.94,1.17,0.95,0.83,
0.86,1.09,0.76,0.57,
0.83,0.87,0.79,0.41,
0.89,0.54,1.04,0.19,
1.06,0.45,1.36,0.07,P
1.27,0.59,1.45,0.12,P
1.17,0.61,1.02,0.12,P
0.98,0.59,0.75,0.12,
0.92,0.57,0.71,0.09,
0.89,0.5,0.69,0.08,
0.78,0.48,0.62,0.1,
0.65,0.46,0.59,0.09,
0.73,0.41,0.63,0.06,
0.63,0.42,0.33,0.07,
0.43,0.9,0.26,0.69,
0.41,1.57,0.28,1.43,R
0.41,1.7,0.19,1.36,R
0.43,1.62,0.23,1.07,
0.39,1.47,0.17,0.93,
0.34,1.34,0.16,0.92,
0.38,1.41,0.17,0.94,
0.4,1.42,0.19,0.93,
0.36,1.38,0.21,0.99,
0.37,1.32,0.16,0.91,
0.32,1.17,0.11,0.87,
0.7,0.96,1.18,0.6,
1.74,1.26,2.63,0.94,S
1.81,1.59,2.02,1.24,S
1.04,1.5,0.81,1.21,
0.83,1.38,0.69,1.4,
0.97,1.23,0.98,1.05,
1.06,1.21,0.95,1.04,
1.02,1.2,0.85,1.01,
0.99,1.21,0.92,1.16,
0.94,1.14,0.76,1.18,
0.92,1.08,0.95,0.88,
0.92,0.79,1.02,0.48,
0.96,0.41,0.88,0.05,
0.99,0.43,1.32,0.09,P
1.01,0.52,1.34,0.12,P
0.84,0.52,0.84,0.08,P
0.83,0.49,0.79,0.09,
0.96,0.51,0.95,0.09,
0.92,0.46,0.9,0.06,
0.87,0.39,0.81,0.04,
0.77,0.38,0.59,0.04,
0.71,0.34,0.36,0.03,
0.54,0.35,0.2,0.07,
0.34,0.8,0.13,0.39,
0.35,1.36,0.15,0.77,
0.36,1.38,0.16,0.8,
0.37,1.29,0.16,0.8,
0.41,1.38,0.16,0.85,R
0.43,1.48,0.17,0.91,R
0.45,1.47,0.18,0.93,R
0.41,1.28,0.18,0.8,
0.4,1.19,0.14,0.92,
0.37,1.22,0.09,0.77,
0.33,1.19,0.44,0.7,
1.4,1.07,2.39,0.63,P
2.4,0.91,3.44,0.19,P
1.95,0.75,2.3,0.1,P
1.24,0.57,1.25,0.09,
0.86,0.48,0.63,0.08,
0.75,0.44,0.65,0.08,
0.63,0.42,0.58,0.07,
0.49,0.42,0.3,0.07,
0.51,0.43,0.31,0.07,
0.52,0.39,0.35,0.04,
0.39,0.34,0.22,0.05,
0.36,0.63,0.22,0.38,
0.42,1.18,0.23,0.77,
0.38,1.49,0.14,1.01,R
0.45,1.8,0.22,1.49,R
0.51,1.77,0.21,1.35,R
0.46,1.42,0.17,0.78,
0.48,1.29,0.2,0.82,
0.5,1.21,0.22,0.82,
0.43,1.16,0.18,0.74,
0.33,1.16,0.16,0.88,
0.29,1.2,0.14,0.85,
0.38,1.2,0.36,0.76,
1.09,0.99,1.51,0.43,P
1.61,0.78,1.84,0.09,P
1.26,0.65,1.09,0.09,P
0.92,0.51,0.7,0.08,
0.78,0.44,0.4,0.06,
0.72,0.42,0.45,0.06,
0.71,0.44,0.53,0.08,
0.63,0.43,0.41,0.06,
0.63,0.4,0.5,0.06,
0.61,0.38,0.45,0.05,
0.59,0.33,0.33,0.02,
0.47,0.42,0.26,0.19,
0.59,1.26,0.71,1.33,S
0.95,1.87,1.21,1.76,S
0.89,1.59,0.78,1.2,S
0.85,1.33,0.91,0.88,
0.93,1.09,1,0.55,
0.87,0.99,0.78,0.66,
0.96,1.01,1.05,0.68,
0.98,1.05,0.92,0.64,
0.93,1.05,0.77,0.75,
0.89,0.98,0.68,0.61,
0.79,0.91,0.59,0.49,
0.86,0.63,0.99,0.3,
1.1,0.46,1.45,0.05,P
1.11,0.54,1.22,0.06,P
0.9,0.52,0.83,0.05,
0.74,0.48,0.59,0.05,
0.63,0.43,0.44,0.05,
0.74,0.44,0.64,0.08,
0.82,0.43,0.6,0.07,
0.68,0.37,0.46,0.03,
0.55,0.34,0.39,0.03,
0.53,0.33,0.35,0.03,
0.47,0.34,0.25,0.05,
0.51,1.49,0.33,1.95,
0.76,2.41,0.67,2.89,S
0.94,1.94,0.89,1.49,S
1.03,1.55,1.02,1,
1.02,1.34,0.9,0.75,
0.89,1.24,0.72,0.75,
0.92,1.23,0.73,0.88,
0.92,1.27,0.73,0.94,
0.84,1.18,0.62,0.9,
0.79,0.99,0.51,0.68,
0.73,0.77,0.38,0.37,
0.79,1.16,0.62,1.09,R
0.65,1.75,0.61,1.65,R
0.43,1.63,0.2,1.2,R
0.45,1.5,0.18,1.12,
0.43,1.52,0.14,1.11,
0.39,1.45,0.15,1.11,
0.4,1.37,0.19,0.88,
0.39,1.28,0.2,0.68,
0.32,1.23,0.16,0.74,
0.3,1.33,0.13,0.82,
0.4,1.13,0.4,0.47,
1.15,1.11,1.69,1.17,S
1.48,1.59,1.71,1.91,S
1.03,1.56,0.79,1.31,S
1.02,1.27,1.04,0.76,
1.02,1.12,1.07,0.67,
0.95,0.99,0.95,0.59,
0.96,0.95,0.9,0.46,
0.98,0.99,0.96,0.72,
0.97,0.99,0.85,0.62,
0.92,0.99,0.73,0.49,
0.91,0.97,0.71,0.61,
0.77,0.7,0.51,0.32,
0.61,0.77,0.34,0.39,
0.5,1.31,0.21,0.94,R
0.39,1.54,0.18,1.14,R
0.37,1.44,0.15,1,R
0.35,1.28,0.14,0.79,
0.37,1.3,0.17,0.79,
0.43,1.43,0.21,1.07,
0.43,1.36,0.2,0.89,
0.34,1.15,0.12,0.48,
0.3,1.15,0.11,0.7,
0.26,1.16,0.1,0.74,
0.4,0.88,0.2,0.36,
0.46,0.62,0.21,0.08,
0.3,0.46,0.09,0,
0.18,0.31,0.05,0.02,
0.14,0.25,0.03,0.02,
0.13,0.24,0.04,0,
0.12,0.23,0.03,0,
0.11,0.22,0.02,0,
0.11,0.2,0.02,0,
0.1,0.19,0.02,0,
0.09,0.19,0.02,0,
0.09,0.19,0.02,0,
0.09,0.2,0.02,0,
0.08,0.19,0.01,0,
0.08,0.19,0.02,0,
0.08,0.2,0.02,0,
0.08,0.2,0.02,0,
0.11,0.19,0.02,0,
0.11,0.19,0.03,0,
0.1,0.2,0.02,0,
0.11,0.19,0.02,0,
0.06,0.2,0,0,
0.06,0.19,0,0,
0.06,0.19,0,0,
0.06,0.19,0,0,
0.06,0.19,0,0,
0.06,0.19,0,0,
0.06,0.19,0,0,
0.06,0.2,0,0,
0.06,0.2,0,0,
0.06,0.19,0,0,
0.06,0.19,0,0,
0.06,0.2,0,0,
0.06,0.21,0,0,
0.06,0.2,0,0,
0.06,0.21,0,0,
0.06,0.21,0,0,
0.06,0.21,0,0,
0.06,0.22,0,0,
0.18,0.27,0.09,0.01,
0.19,0.37,0.09,0.03,
0.08,0.37,0,0.03,
0.06,0.31,0,0.02,
0.06,0.27,0,0.01,
0.06,0.24,0,0.01,
0.06,0.26,0,0.01,
0.06,0.26,0,0.01,
0.14,0.28,0.08,0.02,
0.58,0.55,0.66,0.31,
1.16,1.14,1.35,0.76,S
1.24,1.28,1.21,0.74,S
0.95,0.89,0.63,0.33,
0.72,0.65,0.4,0.1,
0.57,0.56,0.37,0.09,
0.47,0.52,0.25,0.08,
0.49,0.52,0.26,0.08,
0.5,0.49,0.27,0.07,
0.52,0.46,0.29,0.07,
0.54,0.43,0.37,0.06,
0.47,0.35,0.35,0.03,
0.72,0.37,0.8,0.04,
1.26,0.61,1.44,0.1,P
1.28,0.83,1.06,0.14,P
1,0.81,0.63,0.1,
0.82,0.63,0.61,0.07,
0.62,0.52,0.42,0.08,
0.62,0.5,0.51,0.07,
0.64,0.47,0.55,0.05,
0.56,0.43,0.34,0.05,
0.46,0.41,0.18,0.05,
0.34,0.68,0.12,0.43,
0.52,1.64,0.38,1.58,S
0.74,1.69,0.52,1.39,S
0.8,0.95,0.47,0.4,
0.79,0.83,0.64,0.37,
0.77,0.8,0.71,0.36,
0.85,0.84,0.78,0.47,
0.89,0.84,0.75,0.49,
0.85,0.76,0.6,0.37,
0.73,0.71,0.52,0.31,
0.69,0.68,0.47,0.32,
0.66,0.61,0.35,0.21,
0.59,0.73,0.29,0.42,
0.58,1.38,0.25,0.9,R
0.56,1.61,0.15,0.82,R
0.48,1.29,0.17,0.57,R
0.4,1.22,0.17,0.75,
0.32,1.21,0.14,0.74,
0.3,1.11,0.14,0.5,
0.38,1.12,0.18,0.57,
0.44,1.14,0.18,0.57,
0.36,1.02,0.12,0.48,
0.23,0.95,0.06,0.5,
0.36,0.87,0.41,0.32,
1.06,0.96,0.98,0.51,S
1.46,1.23,1.32,0.68,S
1.14,1.11,1.06,0.47,S
0.87,0.81,0.65,0.37,
0.75,0.69,0.58,0.28,
0.75,0.69,0.55,0.24,
0.75,0.68,0.52,0.16,
0.75,0.66,0.45,0.13,
0.69,0.61,0.37,0.11,
0.59,0.6,0.35,0.15,
0.66,0.6,0.36,0.18,
0.7,0.52,0.41,0.11,
0.54,0.42,0.4,0.05,
0.64,0.9,0.62,0.57,R
0.64,1.46,0.5,0.94,R
0.4,1.36,0.1,0.79,R
0.31,1.2,0.09,0.71,
0.26,1.06,0.07,0.5,
0.26,0.96,0.08,0.35,
0.25,0.96,0.07,0.29,
0.23,0.94,0.07,0.27,
0.2,0.88,0.06,0.43,
0.34,0.79,0.5,0.35,
1.25,0.82,2.32,0.31,S
1.69,1,2.3,0.46,S
1.19,1.02,0.73,0.47,
0.84,0.9,0.4,0.44,
0.72,0.84,0.7,0.44,
0.77,0.87,0.82,0.5,
0.74,0.81,0.61,0.35,
0.71,0.74,0.61,0.24,
0.64,0.74,0.47,0.36,
0.61,0.79,0.4,0.44,
0.58,0.64,0.32,0.21,
0.51,0.54,0.35,0.49,
0.51,1.06,0.28,0.83,R
0.43,1.18,0.1,0.41,R
0.32,0.79,0.1,0.13,
0.25,0.68,0.08,0.11,
0.2,0.61,0.05,0.09,
0.19,0.58,0.05,0.09,
0.2,0.66,0.06,0.2,
0.2,0.73,0.07,0.24,
0.2,0.74,0.07,0.25,
0.18,0.8,0.05,0.38,
0.48,0.75,0.61,0.27,
1.01,0.89,1.01,0.9,S
1.16,1.33,0.88,1.08,S
1.07,1.24,0.91,0.39,S
0.91,0.87,0.7,0.3,
0.7,0.82,0.47,0.35,
0.61,0.78,0.38,0.33,
0.6,0.72,0.38,0.26,
0.72,0.74,0.66,0.27,
0.78,0.78,0.71,0.3,
0.7,0.78,0.51,0.34,
0.51,0.55,0.28,0.18,
0.39,0.46,0.15,0.15,
0.41,0.74,0.13,0.26,R
0.38,0.87,0.08,0.19,R
0.34,0.86,0.1,0.23,R
0.29,0.79,0.1,0.28,
0.24,0.78,0.08,0.29,
0.2,0.84,0.06,0.34,
0.18,0.93,0.06,0.43,
0.18,0.93,0.05,0.38,
0.18,0.89,0.07,0.46,
0.66,0.85,0.91,0.41,
1.18,1.12,1.33,0.91,S
1.17,1.41,0.78,1.11,S
0.99,1.12,0.62,0.48,
0.9,0.84,0.67,0.41,
0.89,0.78,0.76,0.47,
0.84,0.77,0.78,0.4,
0.84,0.75,0.55,0.24,
0.72,0.71,0.34,0.3,
0.7,0.7,0.64,0.33,
0.81,0.73,0.83,0.26,
0.66,0.57,0.5,0.15,
0.69,0.36,0.6,0.01,
0.91,0.43,0.86,0.03,P
0.8,0.55,0.6,0.05,P
0.64,0.52,0.43,0.05,
0.66,0.43,0.45,0.04,
0.67,0.41,0.38,0.05,
0.65,0.42,0.4,0.06,
0.62,0.42,0.41,0.05,
0.56,0.42,0.38,0.05,
0.61,0.4,0.42,0.04,
0.49,0.31,0.24,0.02,
0.32,0.4,0.14,0.15,
0.4,1,0.17,0.45,R
0.44,1.34,0.12,0.49,R
0.34,1.17,0.08,0.47,R
0.25,1.05,0.05,0.55,
0.2,1,0.06,0.57,
0.22,1.03,0.08,0.58,
0.21,1,0.07,0.46,
0.22,1,0.08,0.49,
0.24,1.03,0.1,0.58,
0.21,1.05,0.11,0.6,
0.6,0.95,0.73,0.48,
1.18,1.23,1.21,0.92,S
1.18,1.35,0.97,1.04,S
0.86,0.97,0.67,0.52,
0.73,0.84,0.52,0.45,
0.74,0.82,0.59,0.41,
0.64,0.82,0.48,0.38,
0.61,0.79,0.43,0.34,
0.64,0.76,0.49,0.32,
0.68,0.76,0.54,0.32,
0.68,0.73,0.64,0.3,
0.54,0.57,0.44,0.14,
0.39,0.55,0.19,0.25,
0.33,0.84,0.12,0.4,
0.33,1.06,0.1,0.36,R
0.31,0.98,0.1,0.37,R
0.26,0.88,0.07,0.29,
0.21,0.9,0.07,0.32,
0.19,0.96,0.07,0.44,
0.22,0.94,0.08,0.44,
0.22,0.87,0.08,0.31,
0.19,0.87,0.05,0.34,
0.16,0.89,0.04,0.42,
0.43,0.74,0.76,0.22,
1.34,0.96,2.41,0.45,S
1.61,1.25,2,0.62,S
1.08,1.09,0.81,0.37,
0.93,0.97,0.8,0.41,
0.93,0.95,0.76,0.41,
0.99,0.94,1.02,0.5,
0.97,0.89,0.89,0.51,
0.85,0.87,0.67,0.43,
0.79,0.87,0.63,0.44,
0.79,0.85,0.82,0.39,
0.85,0.81,0.87,0.34,
0.69,0.65,0.37,0.18,
0.71,0.42,0.78,0.05,
0.92,0.44,1.08,0.03,P
0.82,0.55,0.61,0.04,P
0.65,0.48,0.47,0.04,
0.61,0.39,0.5,0.03,
0.73,0.37,0.65,0.03,
0.72,0.36,0.51,0.04,
0.58,0.36,0.32,0.03,
0.55,0.37,0.35,0.04,
0.49,0.33,0.34,0.03,
0.39,0.33,0.2,0.14,
0.44,0.71,0.29,0.43,R
0.47,1.14,0.32,0.44,R
0.35,1.13,0.09,0.31,R
0.28,0.93,0.07,0.29,
0.22,0.79,0.06,0.23,
0.2,0.7,0.07,0.18,
0.17,0.73,0.05,0.27,
0.16,0.92,0.04,0.45,
0.18,0.95,0.06,0.42,
0.18,0.97,0.05,1.07,
0.58,1.26,1.03,1.01,
1.52,1.39,2.13,0.62,S
1.62,1.31,1.42,0.91,S
1,1.06,0.56,0.69,
0.76,0.83,0.53,0.49,
0.73,0.83,0.48,0.35,
0.62,0.81,0.38,0.3,
0.59,0.75,0.5,0.33,
0.71,0.71,0.67,0.27,
0.7,0.67,0.64,0.18,
0.68,0.65,0.53,0.2,
0.54,0.58,0.29,0.18,
0.36,0.44,0.14,0.07,
0.59,0.4,0.52,0.03,P
0.78,0.52,0.65,0.05,P
0.74,0.58,0.42,0.04,P
0.66,0.5,0.43,0.04,
0.57,0.43,0.39,0.04,
0.58,0.39,0.41,0.04,
0.6,0.38,0.47,0.04,
0.56,0.38,0.39,0.04,
0.48,0.37,0.28,0.02,
0.36,0.3,0.15,0.01,
0.34,0.49,0.13,0.28,
0.43,0.98,0.13,0.37,R
0.42,1.14,0.07,0.2,R
0.31,0.96,0.07,0.2,
0.26,0.84,0.1,0.2,
0.24,0.75,0.09,0.17,
0.22,0.67,0.08,0.15,
0.24,0.67,0.08,0.16,
0.2,0.61,0.07,0.14,
0.18,0.54,0.06,0.12,
0.17,0.56,0.06,0.12,
0.15,0.61,0.04,0.14,
0.24,0.63,0.38,0.11,
0.98,0.66,1.67,0.06,P
1.47,0.81,1.98,0.04,P
1.1,0.82,0.94,0.04,P
0.9,0.63,0.6,0.05,
0.84,0.46,0.56,0.03,
0.69,0.37,0.36,0.03,
0.6,0.35,0.31,0.04,
0.55,0.34,0.31,0.03,
0.5,0.33,0.26,0.03,
0.51,0.33,0.28,0.03,
0.41,0.28,0.18,0.01,
0.36,0.61,0.14,0.31,
0.4,1.09,0.15,0.47,R
0.33,1.17,0.07,0.35,R
0.26,1,0.08,0.31,
0.25,0.81,0.09,0.2,
0.23,0.69,0.07,0.14,
0.18,0.67,0.05,0.16,
0.17,0.7,0.05,0.18,
0.19,0.74,0.07,0.21,
0.2,0.73,0.08,0.2,
0.3,0.72,0.34,0.19,
1.11,0.82,1.86,0.12,P
1.64,0.98,1.98,0.03,P
1.13,0.98,0.61,0.03,P
0.81,0.73,0.52,0.04,
0.78,0.54,0.57,0.05,
0.71,0.45,0.45,0.04,
0.63,0.41,0.38,0.04,
0.7,0.39,0.47,0.05,
0.83,0.37,0.6,0.04,
0.76,0.35,0.56,0.03,
0.62,0.32,0.41,0.02,
0.46,0.39,0.24,0.17,
0.58,1.02,0.62,0.8,
0.85,1.3,1.01,0.81,S
0.86,0.96,0.73,0.38,S
0.85,0.83,0.66,0.35,
0.89,0.72,0.76,0.29,
0.8,0.62,0.53,0.18,
0.68,0.6,0.36,0.11,
0.7,0.58,0.55,0.15,
0.7,0.51,0.54,0.13,
0.59,0.48,0.27,0.11,
0.44,0.42,0.2,0.06,
0.66,0.4,0.6,0.04,
1.02,0.52,1.02,0.05,P
0.91,0.62,0.83,0.05,P
0.72,0.57,0.51,0.05,
0.69,0.45,0.46,0.04,
0.62,0.39,0.38,0.04,
0.62,0.37,0.4,0.04,
0.6,0.35,0.4,0.03,
0.57,0.36,0.4,0.04,
0.55,0.34,0.35,0.02,
0.33,0.36,0.12,0.04,
0.39,0.9,0.38,1.16,
0.88,1.42,0.87,1.47,S
1,1.21,0.88,0.65,S
0.87,0.93,0.79,0.56,
0.84,0.82,0.7,0.43,
0.9,0.74,0.73,0.38,
0.86,0.7,0.69,0.34,
0.62,0.7,0.42,0.27,
0.61,0.69,0.5,0.21,
0.8,0.67,0.79,0.19,
0.88,0.66,0.72,0.22,
0.61,0.51,0.35,0.12,
0.46,0.67,0.21,0.24,
0.46,1.03,0.17,0.42,R
0.35,1.07,0.11,0.35,R
0.31,1.02,0.1,0.29,
0.27,1.02,0.09,0.38,
0.23,0.98,0.07,0.41,
0.28,0.89,0.12,0.37,
0.29,0.84,0.14,0.36,
0.22,0.85,0.09,0.38,
0.19,0.9,0.05,0.42,
0.18,0.9,0.06,0.34,
0.17,0.91,0.05,0.43,
0.28,0.83,0.22,0.35,
1.02,0.79,1.58,0.26,S
1.47,1.03,1.81,0.51,S
1.16,1.14,0.88,0.61,S
0.94,1.07,0.74,0.49,
0.81,0.99,0.61,0.39,
0.73,0.85,0.52,0.38,
0.66,0.78,0.4,0.34,
0.62,0.75,0.37,0.28,
0.74,0.74,0.57,0.3,
0.69,0.59,0.51,0.18,
0.44,0.43,0.2,0.07,
0.38,0.69,0.15,0.29,
0.39,1,0.11,0.46,
0.41,1.07,0.29,0.51,R
0.51,1,0.35,0.47,R
0.61,0.93,0.25,0.4,R
0.57,0.94,0.27,0.44,
0.42,0.94,0.18,0.42,
0.33,0.94,0.12,0.36,
0.3,0.93,0.09,0.35,
0.31,0.9,0.15,0.39,
0.34,0.88,0.14,0.26,
0.29,0.83,0.06,0.06,
0.2,0.73,0.06,0.02,
0.15,0.53,0.04,0.01,
0.13,0.36,0.02,0.01,
0.13,0.3,0.03,0,
0.12,0.26,0.03,0,
0.11,0.23,0.02,0,
0.1,0.21,0.03,0,
0.1,0.21,0.02,0,
0.1,0.2,0.02,0,
0.1,0.2,0.02,0,
0.11,0.2,0.02,0,
0.12,0.2,0.02,0,
0.12,0.2,0.02,0,